Polymer,Polymer_SMILES,Solvent,Solvent_SMILES,Sum_of_Frags,SD,Polymer_SELFIES,Solvent_SELFIES,Polymer_BigSMILES,Solvent_BigSMILES,PS_manual,PS_manual_aug,PS_manual_aug_str
PDMS,C[Si](C)(C)OC,Hexane,CCCCCC,"[4, 4, 0, 1, 0, 0, 0, 0, 0, 0, 1, 0]",41.41,[C][Siexpl][Branch1_1][C][C][Branch1_1][C][C][O][C],[C][C][C][C][C][C],{[][<]C[Si](C)C[>][<]}{[>][<]CO[>][]},CCCCCC,"['C[Si](C)C', 'CO', '.', 'CCCCCC']","[['C[Si](C)C', 'CO', '.', 'CCCCCC'], ['CO', 'C[Si](C)C', '.', 'CCCCCC']]","['C[Si](C)C.CO.CCCCCC', 'CO.C[Si](C)C.CCCCCC']"
PEBAX,CNCCCCCCCCCCCC(=O)OCCCCCOCCCCOCCCCC,Hexane,CCCCCC,"[2, 579, 0, 75, 25, 25, 0, 0, 0, 0, 0, 0]",8.75,[C][N][C][C][C][C][C][C][C][C][C][C][C][C][Branch1_2][C][=O][O][C][C][C][C][C][O][C][C][C][C][O][C][C][C][C][C],[C][C][C][C][C][C],{[][<]CNCCCCCCCCCCCC=O[>][<]}{[>][<]CCCCCOCCCCOCCCCCO[>][]},CCCCCC,"['CNCCCCCCCCCCCC=O', 'CCCCCOCCCCOCCCCCO', '.', 'CCCCCC']","[['CNCCCCCCCCCCCC=O', 'CCCCCOCCCCOCCCCCO', '.', 'CCCCCC'], ['CCCCCOCCCCOCCCCCO', 'CNCCCCCCCCCCCC=O', '.', 'CCCCCC']]","['CNCCCCCCCCCCCC=O.CCCCCOCCCCOCCCCCO.CCCCCC', 'CCCCCOCCCCOCCCCCO.CNCCCCCCCCCCCC=O.CCCCCC']"
PAN,CCC(C)C#N,Hexane,CCCCCC,"[2, 5, 1, 0, 0, 0, 1, 0, 0, 0, 0, 0]",0.17,[C][C][C][Branch1_1][C][C][C][#N],[C][C][C][C][C][C],{[][<]CC[>][<]}{[>][<]CCC#N[>][]},CCCCCC,"['CC', 'CCC#N', '.', 'CCCCCC']","[['CC', 'CCC#N', '.', 'CCCCCC'], ['CCC#N', 'CC', '.', 'CCCCCC']]","['CC.CCC#N.CCCCCC', 'CCC#N.CC.CCCCCC']"
PES,COc2ccc(S(=O)(=O)c1ccc(C)cc1)cc2,Hexane,CCCCCC,"[2, 4, 0, 1, 0, 0, 0, 1, 2, 0, 0, 0]",1.25,[C][O][C][=C][C][=C][Branch2_1][Ring1][Ring1][S][Branch1_2][C][=O][Branch1_2][C][=O][C][=C][C][=C][Branch1_1][C][C][C][=C][Ring1][Branch1_3][C][=C][Ring1][S],[C][C][C][C][C][C],{[][<]CO[>][<]}{[>][<]c1ccccc1[>][<]}{[>][<]O=S=O[>][<]}{[>][<]Cc1ccccc1[>][]},CCCCCC,"['CO', 'c1ccccc1', 'O=S=O', 'Cc1ccccc1', '.', 'CCCCCC']","[['CO', 'c1ccccc1', 'O=S=O', 'Cc1ccccc1', '.', 'CCCCCC'], ['Cc1ccccc1', 'CO', 'c1ccccc1', 'O=S=O', '.', 'CCCCCC'], ['O=S=O', 'Cc1ccccc1', 'CO', 'c1ccccc1', '.', 'CCCCCC'], ['c1ccccc1', 'O=S=O', 'Cc1ccccc1', 'CO', '.', 'CCCCCC']]","['CO.c1ccccc1.O=S=O.Cc1ccccc1.CCCCCC', 'Cc1ccccc1.CO.c1ccccc1.O=S=O.CCCCCC', 'O=S=O.Cc1ccccc1.CO.c1ccccc1.CCCCCC', 'c1ccccc1.O=S=O.Cc1ccccc1.CO.CCCCCC']"
PSf,COc4ccc(S(=O)(=O)c3ccc(Oc2ccc(C(C)(C)c1ccc(C)cc1)cc2)cc3)cc4,Hexane,CCCCCC,"[4, 4, 0, 2, 0, 0, 0, 1, 4, 0, 0, 0]",1.19,[C][O][C][=C][C][=C][Branch2_1][Branch1_1][C][S][Branch1_2][C][=O][Branch1_2][C][=O][C][=C][C][=C][Branch2_1][Ring1][#C][O][C][=C][C][=C][Branch2_1][Ring1][Ring1][C][Branch1_1][C][C][Branch1_1][C][C][C][=C][C][=C][Branch1_1][C][C][C][=C][Ring1][Branch1_3][C][=C][Ring1][S][C][=C][Ring2][Ring1][Branch1_3][C][=C][Ring2][Ring1][S],[C][C][C][C][C][C],{[][<]CO[>][<]}{[>][<]c1ccccc1[>][<]}{[>][<]O=S=O[>][<]}{[>][<]c1ccccc1[>][<]}{[>][<]O[>][<]}{[>][<]c1ccccc1[>][<]}{[>][<]CCC[>][<]}{[>][<]Cc1ccccc1[>][]},CCCCCC,"['CO', 'c1ccccc1', 'O=S=O', 'c1ccccc1', 'O', 'c1ccccc1', 'CCC', 'Cc1ccccc1', '.', 'CCCCCC']","[['CO', 'c1ccccc1', 'O=S=O', 'c1ccccc1', 'O', 'c1ccccc1', 'CCC', 'Cc1ccccc1', '.', 'CCCCCC'], ['Cc1ccccc1', 'CO', 'c1ccccc1', 'O=S=O', 'c1ccccc1', 'O', 'c1ccccc1', 'CCC', '.', 'CCCCCC'], ['CCC', 'Cc1ccccc1', 'CO', 'c1ccccc1', 'O=S=O', 'c1ccccc1', 'O', 'c1ccccc1', '.', 'CCCCCC'], ['c1ccccc1', 'CCC', 'Cc1ccccc1', 'CO', 'c1ccccc1', 'O=S=O', 'c1ccccc1', 'O', '.', 'CCCCCC'], ['O', 'c1ccccc1', 'CCC', 'Cc1ccccc1', 'CO', 'c1ccccc1', 'O=S=O', 'c1ccccc1', '.', 'CCCCCC'], ['c1ccccc1', 'O', 'c1ccccc1', 'CCC', 'Cc1ccccc1', 'CO', 'c1ccccc1', 'O=S=O', '.', 'CCCCCC'], ['O=S=O', 'c1ccccc1', 'O', 'c1ccccc1', 'CCC', 'Cc1ccccc1', 'CO', 'c1ccccc1', '.', 'CCCCCC'], ['c1ccccc1', 'O=S=O', 'c1ccccc1', 'O', 'c1ccccc1', 'CCC', 'Cc1ccccc1', 'CO', '.', 'CCCCCC']]","['CO.c1ccccc1.O=S=O.c1ccccc1.O.c1ccccc1.CCC.Cc1ccccc1.CCCCCC', 'Cc1ccccc1.CO.c1ccccc1.O=S=O.c1ccccc1.O.c1ccccc1.CCC.CCCCCC', 'CCC.Cc1ccccc1.CO.c1ccccc1.O=S=O.c1ccccc1.O.c1ccccc1.CCCCCC', 'c1ccccc1.CCC.Cc1ccccc1.CO.c1ccccc1.O=S=O.c1ccccc1.O.CCCCCC', 'O.c1ccccc1.CCC.Cc1ccccc1.CO.c1ccccc1.O=S=O.c1ccccc1.CCCCCC', 'c1ccccc1.O.c1ccccc1.CCC.Cc1ccccc1.CO.c1ccccc1.O=S=O.CCCCCC', 'O=S=O.c1ccccc1.O.c1ccccc1.CCC.Cc1ccccc1.CO.c1ccccc1.CCCCCC', 'c1ccccc1.O=S=O.c1ccccc1.O.c1ccccc1.CCC.Cc1ccccc1.CO.CCCCCC']"
Matrimid,Cc1ccc7c(c1)C(C)(c6ccc(n5c(=O)c4ccc(C(=O)c3ccc2c(=O)n(C)c(=O)c2c3)cc4c5=O)cc6)CC7(C)C,Hexane,CCCCCC,"[5, 5, 0, 0, 5, 2, 0, 0, 4, 0, 0, 0]",3.57,[C][C][=C][C][=C][C][Branch1_2][Ring2][=C][Ring1][Branch1_2][C][Branch1_1][C][C][Branch2_1][Branch1_1][=N][C][=C][C][=C][Branch2_1][Ring2][P][N][C][Branch1_2][C][=O][C][=C][C][=C][Branch2_1][Ring1][O][C][Branch1_2][C][=O][C][=C][C][=C][C][Branch1_2][C][=O][N][Branch1_1][C][C][C][Branch1_2][C][=O][C][Ring1][Branch2_1][=C][Ring1][N][C][=C][Ring2][Ring1][Ring2][C][Ring2][Ring1][Branch2_1][=O][C][=C][Ring2][Ring1][#C][C][C][Ring2][Ring2][Branch1_2][Branch1_1][C][C][C],[C][C][C][C][C][C],{[][<]CN1C(=O)c2ccccc2C1=O[>][<]}{[>][<]C=O[>][<]}{[>][<]O=C1NC(=O)c2ccccc21[>][<]}{[>][<]c1ccccc1[>][<]}{[>][<]Cc1ccc2c(c1)C(C)CC2(C)C[>][]},CCCCCC,"['CN1C(=O)c2ccccc2C1=O', 'C=O', 'O=C1NC(=O)c2ccccc21', 'c1ccccc1', 'Cc1ccc2c(c1)C(C)CC2(C)C', '.', 'CCCCCC']","[['CN1C(=O)c2ccccc2C1=O', 'C=O', 'O=C1NC(=O)c2ccccc21', 'c1ccccc1', 'Cc1ccc2c(c1)C(C)CC2(C)C', '.', 'CCCCCC'], ['Cc1ccc2c(c1)C(C)CC2(C)C', 'CN1C(=O)c2ccccc2C1=O', 'C=O', 'O=C1NC(=O)c2ccccc21', 'c1ccccc1', '.', 'CCCCCC'], ['c1ccccc1', 'Cc1ccc2c(c1)C(C)CC2(C)C', 'CN1C(=O)c2ccccc2C1=O', 'C=O', 'O=C1NC(=O)c2ccccc21', '.', 'CCCCCC'], ['O=C1NC(=O)c2ccccc21', 'c1ccccc1', 'Cc1ccc2c(c1)C(C)CC2(C)C', 'CN1C(=O)c2ccccc2C1=O', 'C=O', '.', 'CCCCCC'], ['C=O', 'O=C1NC(=O)c2ccccc21', 'c1ccccc1', 'Cc1ccc2c(c1)C(C)CC2(C)C', 'CN1C(=O)c2ccccc2C1=O', '.', 'CCCCCC']]","['CN1C(=O)c2ccccc2C1=O.C=O.O=C1NC(=O)c2ccccc21.c1ccccc1.Cc1ccc2c(c1)C(C)CC2(C)C.CCCCCC', 'Cc1ccc2c(c1)C(C)CC2(C)C.CN1C(=O)c2ccccc2C1=O.C=O.O=C1NC(=O)c2ccccc21.c1ccccc1.CCCCCC', 'c1ccccc1.Cc1ccc2c(c1)C(C)CC2(C)C.CN1C(=O)c2ccccc2C1=O.C=O.O=C1NC(=O)c2ccccc21.CCCCCC', 'O=C1NC(=O)c2ccccc21.c1ccccc1.Cc1ccc2c(c1)C(C)CC2(C)C.CN1C(=O)c2ccccc2C1=O.C=O.CCCCCC', 'C=O.O=C1NC(=O)c2ccccc21.c1ccccc1.Cc1ccc2c(c1)C(C)CC2(C)C.CN1C(=O)c2ccccc2C1=O.CCCCCC']"
PEI,Cc7cccc(n6c(=O)c5ccc(Oc4ccc(C(C)(C)c3ccc(Oc2ccc1c(=O)n(C)c(=O)c1c2)cc3)cc4)cc5c6=O)c7,Hexane,CCCCCC,"[4, 4, 0, 2, 4, 2, 0, 0, 5, 0, 0, 0]",0.83,[C][C][=C][C][=C][C][Branch2_1][Branch1_2][=C][N][C][Branch1_2][C][=O][C][=C][C][=C][Branch2_1][Branch1_1][Branch2_1][O][C][=C][C][=C][Branch2_1][Ring2][O][C][Branch1_1][C][C][Branch1_1][C][C][C][=C][C][=C][Branch2_1][Ring1][Branch2_1][O][C][=C][C][=C][C][Branch1_2][C][=O][N][Branch1_1][C][C][C][Branch1_2][C][=O][C][Ring1][Branch2_1][=C][Ring1][N][C][=C][Ring2][Ring1][Ring1][C][=C][Ring2][Ring1][N][C][=C][Ring2][Ring2][Ring1][C][Ring2][Ring2][Branch1_3][=O][=C][Ring2][Ring2][=C],[C][C][C][C][C][C],{[][<]CN1C(=O)c2ccccc2C1=O[>][<]}{[>][<]O[>][<]}{[>][<]c1ccccc1[>][<]}{[>][<]CCC[>][<]}{[>][<]c1ccccc1[>][<]}{[>][<]O[>][<]}{[>][<]O=C1NC(=O)c2ccccc21[>][<]}{[>][<]Cc1ccccc1[>][]},CCCCCC,"['CN1C(=O)c2ccccc2C1=O', 'O', 'c1ccccc1', 'CCC', 'c1ccccc1', 'O', 'O=C1NC(=O)c2ccccc21', 'Cc1ccccc1', '.', 'CCCCCC']","[['CN1C(=O)c2ccccc2C1=O', 'O', 'c1ccccc1', 'CCC', 'c1ccccc1', 'O', 'O=C1NC(=O)c2ccccc21', 'Cc1ccccc1', '.', 'CCCCCC'], ['Cc1ccccc1', 'CN1C(=O)c2ccccc2C1=O', 'O', 'c1ccccc1', 'CCC', 'c1ccccc1', 'O', 'O=C1NC(=O)c2ccccc21', '.', 'CCCCCC'], ['O=C1NC(=O)c2ccccc21', 'Cc1ccccc1', 'CN1C(=O)c2ccccc2C1=O', 'O', 'c1ccccc1', 'CCC', 'c1ccccc1', 'O', '.', 'CCCCCC'], ['O', 'O=C1NC(=O)c2ccccc21', 'Cc1ccccc1', 'CN1C(=O)c2ccccc2C1=O', 'O', 'c1ccccc1', 'CCC', 'c1ccccc1', '.', 'CCCCCC'], ['c1ccccc1', 'O', 'O=C1NC(=O)c2ccccc21', 'Cc1ccccc1', 'CN1C(=O)c2ccccc2C1=O', 'O', 'c1ccccc1', 'CCC', '.', 'CCCCCC'], ['CCC', 'c1ccccc1', 'O', 'O=C1NC(=O)c2ccccc21', 'Cc1ccccc1', 'CN1C(=O)c2ccccc2C1=O', 'O', 'c1ccccc1', '.', 'CCCCCC'], ['c1ccccc1', 'CCC', 'c1ccccc1', 'O', 'O=C1NC(=O)c2ccccc21', 'Cc1ccccc1', 'CN1C(=O)c2ccccc2C1=O', 'O', '.', 'CCCCCC'], ['O', 'c1ccccc1', 'CCC', 'c1ccccc1', 'O', 'O=C1NC(=O)c2ccccc21', 'Cc1ccccc1', 'CN1C(=O)c2ccccc2C1=O', '.', 'CCCCCC']]","['CN1C(=O)c2ccccc2C1=O.O.c1ccccc1.CCC.c1ccccc1.O.O=C1NC(=O)c2ccccc21.Cc1ccccc1.CCCCCC', 'Cc1ccccc1.CN1C(=O)c2ccccc2C1=O.O.c1ccccc1.CCC.c1ccccc1.O.O=C1NC(=O)c2ccccc21.CCCCCC', 'O=C1NC(=O)c2ccccc21.Cc1ccccc1.CN1C(=O)c2ccccc2C1=O.O.c1ccccc1.CCC.c1ccccc1.O.CCCCCC', 'O.O=C1NC(=O)c2ccccc21.Cc1ccccc1.CN1C(=O)c2ccccc2C1=O.O.c1ccccc1.CCC.c1ccccc1.CCCCCC', 'c1ccccc1.O.O=C1NC(=O)c2ccccc21.Cc1ccccc1.CN1C(=O)c2ccccc2C1=O.O.c1ccccc1.CCC.CCCCCC', 'CCC.c1ccccc1.O.O=C1NC(=O)c2ccccc21.Cc1ccccc1.CN1C(=O)c2ccccc2C1=O.O.c1ccccc1.CCCCCC', 'c1ccccc1.CCC.c1ccccc1.O.O=C1NC(=O)c2ccccc21.Cc1ccccc1.CN1C(=O)c2ccccc2C1=O.O.CCCCCC', 'O.c1ccccc1.CCC.c1ccccc1.O.O=C1NC(=O)c2ccccc21.Cc1ccccc1.CN1C(=O)c2ccccc2C1=O.CCCCCC']"
PDMS,C[Si](C)(C)OC,Toluene,c1ccccc1C,"[3, 0, 0, 1, 0, 0, 0, 0, 1, 0, 1, 0]",35.18,[C][Siexpl][Branch1_1][C][C][Branch1_1][C][C][O][C],[C][=C][C][=C][C][=C][Ring1][Branch1_2][C],{[][<]C[Si](C)C[>][<]}{[>][<]CO[>][]},c1ccccc1C,"['C[Si](C)C', 'CO', '.', 'c1ccccc1C']","[['C[Si](C)C', 'CO', '.', 'c1ccccc1C'], ['CO', 'C[Si](C)C', '.', 'c1ccccc1C']]","['C[Si](C)C.CO.c1ccccc1C', 'CO.C[Si](C)C.c1ccccc1C']"
PAN,CCC(C)C#N,Toluene,c1ccccc1C,"[1, 1, 1, 0, 0, 0, 1, 0, 1, 0, 0, 0]",2.25,[C][C][C][Branch1_1][C][C][C][#N],[C][=C][C][=C][C][=C][Ring1][Branch1_2][C],{[][<]CC[>][<]}{[>][<]CCC#N[>][]},c1ccccc1C,"['CC', 'CCC#N', '.', 'c1ccccc1C']","[['CC', 'CCC#N', '.', 'c1ccccc1C'], ['CCC#N', 'CC', '.', 'c1ccccc1C']]","['CC.CCC#N.c1ccccc1C', 'CCC#N.CC.c1ccccc1C']"
PSf,COc4ccc(S(=O)(=O)c3ccc(Oc2ccc(C(C)(C)c1ccc(C)cc1)cc2)cc3)cc4,Toluene,c1ccccc1C,"[3, 0, 0, 2, 0, 0, 0, 1, 5, 0, 0, 0]",17.61,[C][O][C][=C][C][=C][Branch2_1][Branch1_1][C][S][Branch1_2][C][=O][Branch1_2][C][=O][C][=C][C][=C][Branch2_1][Ring1][#C][O][C][=C][C][=C][Branch2_1][Ring1][Ring1][C][Branch1_1][C][C][Branch1_1][C][C][C][=C][C][=C][Branch1_1][C][C][C][=C][Ring1][Branch1_3][C][=C][Ring1][S][C][=C][Ring2][Ring1][Branch1_3][C][=C][Ring2][Ring1][S],[C][=C][C][=C][C][=C][Ring1][Branch1_2][C],{[][<]CO[>][<]}{[>][<]c1ccccc1[>][<]}{[>][<]O=S=O[>][<]}{[>][<]c1ccccc1[>][<]}{[>][<]O[>][<]}{[>][<]c1ccccc1[>][<]}{[>][<]CCC[>][<]}{[>][<]Cc1ccccc1[>][]},c1ccccc1C,"['CO', 'c1ccccc1', 'O=S=O', 'c1ccccc1', 'O', 'c1ccccc1', 'CCC', 'Cc1ccccc1', '.', 'c1ccccc1C']","[['CO', 'c1ccccc1', 'O=S=O', 'c1ccccc1', 'O', 'c1ccccc1', 'CCC', 'Cc1ccccc1', '.', 'c1ccccc1C'], ['Cc1ccccc1', 'CO', 'c1ccccc1', 'O=S=O', 'c1ccccc1', 'O', 'c1ccccc1', 'CCC', '.', 'c1ccccc1C'], ['CCC', 'Cc1ccccc1', 'CO', 'c1ccccc1', 'O=S=O', 'c1ccccc1', 'O', 'c1ccccc1', '.', 'c1ccccc1C'], ['c1ccccc1', 'CCC', 'Cc1ccccc1', 'CO', 'c1ccccc1', 'O=S=O', 'c1ccccc1', 'O', '.', 'c1ccccc1C'], ['O', 'c1ccccc1', 'CCC', 'Cc1ccccc1', 'CO', 'c1ccccc1', 'O=S=O', 'c1ccccc1', '.', 'c1ccccc1C'], ['c1ccccc1', 'O', 'c1ccccc1', 'CCC', 'Cc1ccccc1', 'CO', 'c1ccccc1', 'O=S=O', '.', 'c1ccccc1C'], ['O=S=O', 'c1ccccc1', 'O', 'c1ccccc1', 'CCC', 'Cc1ccccc1', 'CO', 'c1ccccc1', '.', 'c1ccccc1C'], ['c1ccccc1', 'O=S=O', 'c1ccccc1', 'O', 'c1ccccc1', 'CCC', 'Cc1ccccc1', 'CO', '.', 'c1ccccc1C']]","['CO.c1ccccc1.O=S=O.c1ccccc1.O.c1ccccc1.CCC.Cc1ccccc1.c1ccccc1C', 'Cc1ccccc1.CO.c1ccccc1.O=S=O.c1ccccc1.O.c1ccccc1.CCC.c1ccccc1C', 'CCC.Cc1ccccc1.CO.c1ccccc1.O=S=O.c1ccccc1.O.c1ccccc1.c1ccccc1C', 'c1ccccc1.CCC.Cc1ccccc1.CO.c1ccccc1.O=S=O.c1ccccc1.O.c1ccccc1C', 'O.c1ccccc1.CCC.Cc1ccccc1.CO.c1ccccc1.O=S=O.c1ccccc1.c1ccccc1C', 'c1ccccc1.O.c1ccccc1.CCC.Cc1ccccc1.CO.c1ccccc1.O=S=O.c1ccccc1C', 'O=S=O.c1ccccc1.O.c1ccccc1.CCC.Cc1ccccc1.CO.c1ccccc1.c1ccccc1C', 'c1ccccc1.O=S=O.c1ccccc1.O.c1ccccc1.CCC.Cc1ccccc1.CO.c1ccccc1C']"
P84,Cc7ccc(Cc6ccc(c5ccc(n4c(=O)c3ccc(C(=O)c2ccc1c(=O)n(C)c(=O)c1c2)cc3c4=O)c(C)c5)cc6)cc7,Toluene,c1ccccc1C,"[1, 0, 0, 0, 5, 2, 0, 0, 4, 0, 0, 0]",3.29,[C][C][=C][C][=C][Branch2_1][Branch1_2][=N][C][C][=C][C][=C][Branch2_1][Branch1_1][S][C][=C][C][=C][Branch2_1][Ring2][P][N][C][Branch1_2][C][=O][C][=C][C][=C][Branch2_1][Ring1][O][C][Branch1_2][C][=O][C][=C][C][=C][C][Branch1_2][C][=O][N][Branch1_1][C][C][C][Branch1_2][C][=O][C][Ring1][Branch2_1][=C][Ring1][N][C][=C][Ring2][Ring1][Ring2][C][Ring2][Ring1][Branch2_1][=O][C][Branch1_1][C][C][=C][Ring2][Ring1][S][C][=C][Ring2][Ring2][Branch1_2][C][=C][Ring2][Ring2][=N],[C][=C][C][=C][C][=C][Ring1][Branch1_2][C],{[][<]O=C1NC(=O)c2ccccc21[>][<]}{[>][<]C=O[>][<]}{[>][<]CN1C(=O)c2ccccc2C1=O[>][<]}{[>][<]Cc1ccccc1[>][<]}{[>][<]c1ccccc1[>][<]}{[>][<]C[>][<]}{[>][<]Cc1ccccc1[>][]},c1ccccc1C,"['O=C1NC(=O)c2ccccc21', 'C=O', 'CN1C(=O)c2ccccc2C1=O', 'Cc1ccccc1', 'c1ccccc1', 'C', 'Cc1ccccc1', '.', 'c1ccccc1C']","[['O=C1NC(=O)c2ccccc21', 'C=O', 'CN1C(=O)c2ccccc2C1=O', 'Cc1ccccc1', 'c1ccccc1', 'C', 'Cc1ccccc1', '.', 'c1ccccc1C'], ['Cc1ccccc1', 'O=C1NC(=O)c2ccccc21', 'C=O', 'CN1C(=O)c2ccccc2C1=O', 'Cc1ccccc1', 'c1ccccc1', 'C', '.', 'c1ccccc1C'], ['C', 'Cc1ccccc1', 'O=C1NC(=O)c2ccccc21', 'C=O', 'CN1C(=O)c2ccccc2C1=O', 'Cc1ccccc1', 'c1ccccc1', '.', 'c1ccccc1C'], ['c1ccccc1', 'C', 'Cc1ccccc1', 'O=C1NC(=O)c2ccccc21', 'C=O', 'CN1C(=O)c2ccccc2C1=O', 'Cc1ccccc1', '.', 'c1ccccc1C'], ['Cc1ccccc1', 'c1ccccc1', 'C', 'Cc1ccccc1', 'O=C1NC(=O)c2ccccc21', 'C=O', 'CN1C(=O)c2ccccc2C1=O', '.', 'c1ccccc1C'], ['CN1C(=O)c2ccccc2C1=O', 'Cc1ccccc1', 'c1ccccc1', 'C', 'Cc1ccccc1', 'O=C1NC(=O)c2ccccc21', 'C=O', '.', 'c1ccccc1C'], ['C=O', 'CN1C(=O)c2ccccc2C1=O', 'Cc1ccccc1', 'c1ccccc1', 'C', 'Cc1ccccc1', 'O=C1NC(=O)c2ccccc21', '.', 'c1ccccc1C']]","['O=C1NC(=O)c2ccccc21.C=O.CN1C(=O)c2ccccc2C1=O.Cc1ccccc1.c1ccccc1.C.Cc1ccccc1.c1ccccc1C', 'Cc1ccccc1.O=C1NC(=O)c2ccccc21.C=O.CN1C(=O)c2ccccc2C1=O.Cc1ccccc1.c1ccccc1.C.c1ccccc1C', 'C.Cc1ccccc1.O=C1NC(=O)c2ccccc21.C=O.CN1C(=O)c2ccccc2C1=O.Cc1ccccc1.c1ccccc1.c1ccccc1C', 'c1ccccc1.C.Cc1ccccc1.O=C1NC(=O)c2ccccc21.C=O.CN1C(=O)c2ccccc2C1=O.Cc1ccccc1.c1ccccc1C', 'Cc1ccccc1.c1ccccc1.C.Cc1ccccc1.O=C1NC(=O)c2ccccc21.C=O.CN1C(=O)c2ccccc2C1=O.c1ccccc1C', 'CN1C(=O)c2ccccc2C1=O.Cc1ccccc1.c1ccccc1.C.Cc1ccccc1.O=C1NC(=O)c2ccccc21.C=O.c1ccccc1C', 'C=O.CN1C(=O)c2ccccc2C1=O.Cc1ccccc1.c1ccccc1.C.Cc1ccccc1.O=C1NC(=O)c2ccccc21.c1ccccc1C']"
Matrimid,Cc1ccc7c(c1)C(C)(c6ccc(n5c(=O)c4ccc(C(=O)c3ccc2c(=O)n(C)c(=O)c2c3)cc4c5=O)cc6)CC7(C)C,Toluene,c1ccccc1C,"[4, 1, 0, 0, 5, 2, 0, 0, 5, 0, 0, 0]",19.28,[C][C][=C][C][=C][C][Branch1_2][Ring2][=C][Ring1][Branch1_2][C][Branch1_1][C][C][Branch2_1][Branch1_1][=N][C][=C][C][=C][Branch2_1][Ring2][P][N][C][Branch1_2][C][=O][C][=C][C][=C][Branch2_1][Ring1][O][C][Branch1_2][C][=O][C][=C][C][=C][C][Branch1_2][C][=O][N][Branch1_1][C][C][C][Branch1_2][C][=O][C][Ring1][Branch2_1][=C][Ring1][N][C][=C][Ring2][Ring1][Ring2][C][Ring2][Ring1][Branch2_1][=O][C][=C][Ring2][Ring1][#C][C][C][Ring2][Ring2][Branch1_2][Branch1_1][C][C][C],[C][=C][C][=C][C][=C][Ring1][Branch1_2][C],{[][<]CN1C(=O)c2ccccc2C1=O[>][<]}{[>][<]C=O[>][<]}{[>][<]O=C1NC(=O)c2ccccc21[>][<]}{[>][<]c1ccccc1[>][<]}{[>][<]Cc1ccc2c(c1)C(C)CC2(C)C[>][]},c1ccccc1C,"['CN1C(=O)c2ccccc2C1=O', 'C=O', 'O=C1NC(=O)c2ccccc21', 'c1ccccc1', 'Cc1ccc2c(c1)C(C)CC2(C)C', '.', 'c1ccccc1C']","[['CN1C(=O)c2ccccc2C1=O', 'C=O', 'O=C1NC(=O)c2ccccc21', 'c1ccccc1', 'Cc1ccc2c(c1)C(C)CC2(C)C', '.', 'c1ccccc1C'], ['Cc1ccc2c(c1)C(C)CC2(C)C', 'CN1C(=O)c2ccccc2C1=O', 'C=O', 'O=C1NC(=O)c2ccccc21', 'c1ccccc1', '.', 'c1ccccc1C'], ['c1ccccc1', 'Cc1ccc2c(c1)C(C)CC2(C)C', 'CN1C(=O)c2ccccc2C1=O', 'C=O', 'O=C1NC(=O)c2ccccc21', '.', 'c1ccccc1C'], ['O=C1NC(=O)c2ccccc21', 'c1ccccc1', 'Cc1ccc2c(c1)C(C)CC2(C)C', 'CN1C(=O)c2ccccc2C1=O', 'C=O', '.', 'c1ccccc1C'], ['C=O', 'O=C1NC(=O)c2ccccc21', 'c1ccccc1', 'Cc1ccc2c(c1)C(C)CC2(C)C', 'CN1C(=O)c2ccccc2C1=O', '.', 'c1ccccc1C']]","['CN1C(=O)c2ccccc2C1=O.C=O.O=C1NC(=O)c2ccccc21.c1ccccc1.Cc1ccc2c(c1)C(C)CC2(C)C.c1ccccc1C', 'Cc1ccc2c(c1)C(C)CC2(C)C.CN1C(=O)c2ccccc2C1=O.C=O.O=C1NC(=O)c2ccccc21.c1ccccc1.c1ccccc1C', 'c1ccccc1.Cc1ccc2c(c1)C(C)CC2(C)C.CN1C(=O)c2ccccc2C1=O.C=O.O=C1NC(=O)c2ccccc21.c1ccccc1C', 'O=C1NC(=O)c2ccccc21.c1ccccc1.Cc1ccc2c(c1)C(C)CC2(C)C.CN1C(=O)c2ccccc2C1=O.C=O.c1ccccc1C', 'C=O.O=C1NC(=O)c2ccccc21.c1ccccc1.Cc1ccc2c(c1)C(C)CC2(C)C.CN1C(=O)c2ccccc2C1=O.c1ccccc1C']"
PEI,Cc7cccc(n6c(=O)c5ccc(Oc4ccc(C(C)(C)c3ccc(Oc2ccc1c(=O)n(C)c(=O)c1c2)cc3)cc4)cc5c6=O)c7,Toluene,c1ccccc1C,"[3, 0, 0, 2, 4, 2, 0, 0, 6, 0, 0, 0]",4.13,[C][C][=C][C][=C][C][Branch2_1][Branch1_2][=C][N][C][Branch1_2][C][=O][C][=C][C][=C][Branch2_1][Branch1_1][Branch2_1][O][C][=C][C][=C][Branch2_1][Ring2][O][C][Branch1_1][C][C][Branch1_1][C][C][C][=C][C][=C][Branch2_1][Ring1][Branch2_1][O][C][=C][C][=C][C][Branch1_2][C][=O][N][Branch1_1][C][C][C][Branch1_2][C][=O][C][Ring1][Branch2_1][=C][Ring1][N][C][=C][Ring2][Ring1][Ring1][C][=C][Ring2][Ring1][N][C][=C][Ring2][Ring2][Ring1][C][Ring2][Ring2][Branch1_3][=O][=C][Ring2][Ring2][=C],[C][=C][C][=C][C][=C][Ring1][Branch1_2][C],{[][<]CN1C(=O)c2ccccc2C1=O[>][<]}{[>][<]O[>][<]}{[>][<]c1ccccc1[>][<]}{[>][<]CCC[>][<]}{[>][<]c1ccccc1[>][<]}{[>][<]O[>][<]}{[>][<]O=C1NC(=O)c2ccccc21[>][<]}{[>][<]Cc1ccccc1[>][]},c1ccccc1C,"['CN1C(=O)c2ccccc2C1=O', 'O', 'c1ccccc1', 'CCC', 'c1ccccc1', 'O', 'O=C1NC(=O)c2ccccc21', 'Cc1ccccc1', '.', 'c1ccccc1C']","[['CN1C(=O)c2ccccc2C1=O', 'O', 'c1ccccc1', 'CCC', 'c1ccccc1', 'O', 'O=C1NC(=O)c2ccccc21', 'Cc1ccccc1', '.', 'c1ccccc1C'], ['Cc1ccccc1', 'CN1C(=O)c2ccccc2C1=O', 'O', 'c1ccccc1', 'CCC', 'c1ccccc1', 'O', 'O=C1NC(=O)c2ccccc21', '.', 'c1ccccc1C'], ['O=C1NC(=O)c2ccccc21', 'Cc1ccccc1', 'CN1C(=O)c2ccccc2C1=O', 'O', 'c1ccccc1', 'CCC', 'c1ccccc1', 'O', '.', 'c1ccccc1C'], ['O', 'O=C1NC(=O)c2ccccc21', 'Cc1ccccc1', 'CN1C(=O)c2ccccc2C1=O', 'O', 'c1ccccc1', 'CCC', 'c1ccccc1', '.', 'c1ccccc1C'], ['c1ccccc1', 'O', 'O=C1NC(=O)c2ccccc21', 'Cc1ccccc1', 'CN1C(=O)c2ccccc2C1=O', 'O', 'c1ccccc1', 'CCC', '.', 'c1ccccc1C'], ['CCC', 'c1ccccc1', 'O', 'O=C1NC(=O)c2ccccc21', 'Cc1ccccc1', 'CN1C(=O)c2ccccc2C1=O', 'O', 'c1ccccc1', '.', 'c1ccccc1C'], ['c1ccccc1', 'CCC', 'c1ccccc1', 'O', 'O=C1NC(=O)c2ccccc21', 'Cc1ccccc1', 'CN1C(=O)c2ccccc2C1=O', 'O', '.', 'c1ccccc1C'], ['O', 'c1ccccc1', 'CCC', 'c1ccccc1', 'O', 'O=C1NC(=O)c2ccccc21', 'Cc1ccccc1', 'CN1C(=O)c2ccccc2C1=O', '.', 'c1ccccc1C']]","['CN1C(=O)c2ccccc2C1=O.O.c1ccccc1.CCC.c1ccccc1.O.O=C1NC(=O)c2ccccc21.Cc1ccccc1.c1ccccc1C', 'Cc1ccccc1.CN1C(=O)c2ccccc2C1=O.O.c1ccccc1.CCC.c1ccccc1.O.O=C1NC(=O)c2ccccc21.c1ccccc1C', 'O=C1NC(=O)c2ccccc21.Cc1ccccc1.CN1C(=O)c2ccccc2C1=O.O.c1ccccc1.CCC.c1ccccc1.O.c1ccccc1C', 'O.O=C1NC(=O)c2ccccc21.Cc1ccccc1.CN1C(=O)c2ccccc2C1=O.O.c1ccccc1.CCC.c1ccccc1.c1ccccc1C', 'c1ccccc1.O.O=C1NC(=O)c2ccccc21.Cc1ccccc1.CN1C(=O)c2ccccc2C1=O.O.c1ccccc1.CCC.c1ccccc1C', 'CCC.c1ccccc1.O.O=C1NC(=O)c2ccccc21.Cc1ccccc1.CN1C(=O)c2ccccc2C1=O.O.c1ccccc1.c1ccccc1C', 'c1ccccc1.CCC.c1ccccc1.O.O=C1NC(=O)c2ccccc21.Cc1ccccc1.CN1C(=O)c2ccccc2C1=O.O.c1ccccc1C', 'O.c1ccccc1.CCC.c1ccccc1.O.O=C1NC(=O)c2ccccc21.Cc1ccccc1.CN1C(=O)c2ccccc2C1=O.c1ccccc1C']"
PDMS,C[Si](C)(C)OC,EA,CCOC(=O)C,"[4, 1, 0, 2, 1, 0, 0, 0, 0, 0, 1, 0]",26.91,[C][Siexpl][Branch1_1][C][C][Branch1_1][C][C][O][C],[C][C][O][C][Branch1_2][C][=O][C],{[][<]C[Si](C)C[>][<]}{[>][<]CO[>][]},CCOC(=O)C,"['C[Si](C)C', 'CO', '.', 'CCOC(=O)C']","[['C[Si](C)C', 'CO', '.', 'CCOC(=O)C'], ['CO', 'C[Si](C)C', '.', 'CCOC(=O)C']]","['C[Si](C)C.CO.CCOC(=O)C', 'CO.C[Si](C)C.CCOC(=O)C']"
PEBAX,CNCCCCCCCCCCCC(=O)OCCCCCOCCCCOCCCCC,EA,CCOC(=O)C,"[2, 576, 0, 76, 26, 25, 0, 0, 0, 0, 0, 0]",15.65,[C][N][C][C][C][C][C][C][C][C][C][C][C][C][Branch1_2][C][=O][O][C][C][C][C][C][O][C][C][C][C][O][C][C][C][C][C],[C][C][O][C][Branch1_2][C][=O][C],{[][<]CNCCCCCCCCCCCC=O[>][<]}{[>][<]CCCCCOCCCCOCCCCCO[>][]},CCOC(=O)C,"['CNCCCCCCCCCCCC=O', 'CCCCCOCCCCOCCCCCO', '.', 'CCOC(=O)C']","[['CNCCCCCCCCCCCC=O', 'CCCCCOCCCCOCCCCCO', '.', 'CCOC(=O)C'], ['CCCCCOCCCCOCCCCCO', 'CNCCCCCCCCCCCC=O', '.', 'CCOC(=O)C']]","['CNCCCCCCCCCCCC=O.CCCCCOCCCCOCCCCCO.CCOC(=O)C', 'CCCCCOCCCCOCCCCCO.CNCCCCCCCCCCCC=O.CCOC(=O)C']"
PAN,CCC(C)C#N,EA,CCOC(=O)C,"[2, 2, 1, 1, 1, 0, 1, 0, 0, 0, 0, 0]",0.27,[C][C][C][Branch1_1][C][C][C][#N],[C][C][O][C][Branch1_2][C][=O][C],{[][<]CC[>][<]}{[>][<]CCC#N[>][]},CCOC(=O)C,"['CC', 'CCC#N', '.', 'CCOC(=O)C']","[['CC', 'CCC#N', '.', 'CCOC(=O)C'], ['CCC#N', 'CC', '.', 'CCOC(=O)C']]","['CC.CCC#N.CCOC(=O)C', 'CCC#N.CC.CCOC(=O)C']"
PES,COc2ccc(S(=O)(=O)c1ccc(C)cc1)cc2,EA,CCOC(=O)C,"[2, 1, 0, 2, 1, 0, 0, 1, 2, 0, 0, 0]",8.63,[C][O][C][=C][C][=C][Branch2_1][Ring1][Ring1][S][Branch1_2][C][=O][Branch1_2][C][=O][C][=C][C][=C][Branch1_1][C][C][C][=C][Ring1][Branch1_3][C][=C][Ring1][S],[C][C][O][C][Branch1_2][C][=O][C],{[][<]CO[>][<]}{[>][<]c1ccccc1[>][<]}{[>][<]O=S=O[>][<]}{[>][<]Cc1ccccc1[>][]},CCOC(=O)C,"['CO', 'c1ccccc1', 'O=S=O', 'Cc1ccccc1', '.', 'CCOC(=O)C']","[['CO', 'c1ccccc1', 'O=S=O', 'Cc1ccccc1', '.', 'CCOC(=O)C'], ['Cc1ccccc1', 'CO', 'c1ccccc1', 'O=S=O', '.', 'CCOC(=O)C'], ['O=S=O', 'Cc1ccccc1', 'CO', 'c1ccccc1', '.', 'CCOC(=O)C'], ['c1ccccc1', 'O=S=O', 'Cc1ccccc1', 'CO', '.', 'CCOC(=O)C']]","['CO.c1ccccc1.O=S=O.Cc1ccccc1.CCOC(=O)C', 'Cc1ccccc1.CO.c1ccccc1.O=S=O.CCOC(=O)C', 'O=S=O.Cc1ccccc1.CO.c1ccccc1.CCOC(=O)C', 'c1ccccc1.O=S=O.Cc1ccccc1.CO.CCOC(=O)C']"
PSf,COc4ccc(S(=O)(=O)c3ccc(Oc2ccc(C(C)(C)c1ccc(C)cc1)cc2)cc3)cc4,EA,CCOC(=O)C,"[4, 1, 0, 3, 1, 0, 0, 1, 4, 0, 0, 0]",9.2,[C][O][C][=C][C][=C][Branch2_1][Branch1_1][C][S][Branch1_2][C][=O][Branch1_2][C][=O][C][=C][C][=C][Branch2_1][Ring1][#C][O][C][=C][C][=C][Branch2_1][Ring1][Ring1][C][Branch1_1][C][C][Branch1_1][C][C][C][=C][C][=C][Branch1_1][C][C][C][=C][Ring1][Branch1_3][C][=C][Ring1][S][C][=C][Ring2][Ring1][Branch1_3][C][=C][Ring2][Ring1][S],[C][C][O][C][Branch1_2][C][=O][C],{[][<]CO[>][<]}{[>][<]c1ccccc1[>][<]}{[>][<]O=S=O[>][<]}{[>][<]c1ccccc1[>][<]}{[>][<]O[>][<]}{[>][<]c1ccccc1[>][<]}{[>][<]CCC[>][<]}{[>][<]Cc1ccccc1[>][]},CCOC(=O)C,"['CO', 'c1ccccc1', 'O=S=O', 'c1ccccc1', 'O', 'c1ccccc1', 'CCC', 'Cc1ccccc1', '.', 'CCOC(=O)C']","[['CO', 'c1ccccc1', 'O=S=O', 'c1ccccc1', 'O', 'c1ccccc1', 'CCC', 'Cc1ccccc1', '.', 'CCOC(=O)C'], ['Cc1ccccc1', 'CO', 'c1ccccc1', 'O=S=O', 'c1ccccc1', 'O', 'c1ccccc1', 'CCC', '.', 'CCOC(=O)C'], ['CCC', 'Cc1ccccc1', 'CO', 'c1ccccc1', 'O=S=O', 'c1ccccc1', 'O', 'c1ccccc1', '.', 'CCOC(=O)C'], ['c1ccccc1', 'CCC', 'Cc1ccccc1', 'CO', 'c1ccccc1', 'O=S=O', 'c1ccccc1', 'O', '.', 'CCOC(=O)C'], ['O', 'c1ccccc1', 'CCC', 'Cc1ccccc1', 'CO', 'c1ccccc1', 'O=S=O', 'c1ccccc1', '.', 'CCOC(=O)C'], ['c1ccccc1', 'O', 'c1ccccc1', 'CCC', 'Cc1ccccc1', 'CO', 'c1ccccc1', 'O=S=O', '.', 'CCOC(=O)C'], ['O=S=O', 'c1ccccc1', 'O', 'c1ccccc1', 'CCC', 'Cc1ccccc1', 'CO', 'c1ccccc1', '.', 'CCOC(=O)C'], ['c1ccccc1', 'O=S=O', 'c1ccccc1', 'O', 'c1ccccc1', 'CCC', 'Cc1ccccc1', 'CO', '.', 'CCOC(=O)C']]","['CO.c1ccccc1.O=S=O.c1ccccc1.O.c1ccccc1.CCC.Cc1ccccc1.CCOC(=O)C', 'Cc1ccccc1.CO.c1ccccc1.O=S=O.c1ccccc1.O.c1ccccc1.CCC.CCOC(=O)C', 'CCC.Cc1ccccc1.CO.c1ccccc1.O=S=O.c1ccccc1.O.c1ccccc1.CCOC(=O)C', 'c1ccccc1.CCC.Cc1ccccc1.CO.c1ccccc1.O=S=O.c1ccccc1.O.CCOC(=O)C', 'O.c1ccccc1.CCC.Cc1ccccc1.CO.c1ccccc1.O=S=O.c1ccccc1.CCOC(=O)C', 'c1ccccc1.O.c1ccccc1.CCC.Cc1ccccc1.CO.c1ccccc1.O=S=O.CCOC(=O)C', 'O=S=O.c1ccccc1.O.c1ccccc1.CCC.Cc1ccccc1.CO.c1ccccc1.CCOC(=O)C', 'c1ccccc1.O=S=O.c1ccccc1.O.c1ccccc1.CCC.Cc1ccccc1.CO.CCOC(=O)C']"
P84,Cc7ccc(Cc6ccc(c5ccc(n4c(=O)c3ccc(C(=O)c2ccc1c(=O)n(C)c(=O)c1c2)cc3c4=O)c(C)c5)cc6)cc7,EA,CCOC(=O)C,"[2, 1, 0, 1, 6, 2, 0, 0, 3, 0, 0, 0]",4.0,[C][C][=C][C][=C][Branch2_1][Branch1_2][=N][C][C][=C][C][=C][Branch2_1][Branch1_1][S][C][=C][C][=C][Branch2_1][Ring2][P][N][C][Branch1_2][C][=O][C][=C][C][=C][Branch2_1][Ring1][O][C][Branch1_2][C][=O][C][=C][C][=C][C][Branch1_2][C][=O][N][Branch1_1][C][C][C][Branch1_2][C][=O][C][Ring1][Branch2_1][=C][Ring1][N][C][=C][Ring2][Ring1][Ring2][C][Ring2][Ring1][Branch2_1][=O][C][Branch1_1][C][C][=C][Ring2][Ring1][S][C][=C][Ring2][Ring2][Branch1_2][C][=C][Ring2][Ring2][=N],[C][C][O][C][Branch1_2][C][=O][C],{[][<]O=C1NC(=O)c2ccccc21[>][<]}{[>][<]C=O[>][<]}{[>][<]CN1C(=O)c2ccccc2C1=O[>][<]}{[>][<]Cc1ccccc1[>][<]}{[>][<]c1ccccc1[>][<]}{[>][<]C[>][<]}{[>][<]Cc1ccccc1[>][]},CCOC(=O)C,"['O=C1NC(=O)c2ccccc21', 'C=O', 'CN1C(=O)c2ccccc2C1=O', 'Cc1ccccc1', 'c1ccccc1', 'C', 'Cc1ccccc1', '.', 'CCOC(=O)C']","[['O=C1NC(=O)c2ccccc21', 'C=O', 'CN1C(=O)c2ccccc2C1=O', 'Cc1ccccc1', 'c1ccccc1', 'C', 'Cc1ccccc1', '.', 'CCOC(=O)C'], ['Cc1ccccc1', 'O=C1NC(=O)c2ccccc21', 'C=O', 'CN1C(=O)c2ccccc2C1=O', 'Cc1ccccc1', 'c1ccccc1', 'C', '.', 'CCOC(=O)C'], ['C', 'Cc1ccccc1', 'O=C1NC(=O)c2ccccc21', 'C=O', 'CN1C(=O)c2ccccc2C1=O', 'Cc1ccccc1', 'c1ccccc1', '.', 'CCOC(=O)C'], ['c1ccccc1', 'C', 'Cc1ccccc1', 'O=C1NC(=O)c2ccccc21', 'C=O', 'CN1C(=O)c2ccccc2C1=O', 'Cc1ccccc1', '.', 'CCOC(=O)C'], ['Cc1ccccc1', 'c1ccccc1', 'C', 'Cc1ccccc1', 'O=C1NC(=O)c2ccccc21', 'C=O', 'CN1C(=O)c2ccccc2C1=O', '.', 'CCOC(=O)C'], ['CN1C(=O)c2ccccc2C1=O', 'Cc1ccccc1', 'c1ccccc1', 'C', 'Cc1ccccc1', 'O=C1NC(=O)c2ccccc21', 'C=O', '.', 'CCOC(=O)C'], ['C=O', 'CN1C(=O)c2ccccc2C1=O', 'Cc1ccccc1', 'c1ccccc1', 'C', 'Cc1ccccc1', 'O=C1NC(=O)c2ccccc21', '.', 'CCOC(=O)C']]","['O=C1NC(=O)c2ccccc21.C=O.CN1C(=O)c2ccccc2C1=O.Cc1ccccc1.c1ccccc1.C.Cc1ccccc1.CCOC(=O)C', 'Cc1ccccc1.O=C1NC(=O)c2ccccc21.C=O.CN1C(=O)c2ccccc2C1=O.Cc1ccccc1.c1ccccc1.C.CCOC(=O)C', 'C.Cc1ccccc1.O=C1NC(=O)c2ccccc21.C=O.CN1C(=O)c2ccccc2C1=O.Cc1ccccc1.c1ccccc1.CCOC(=O)C', 'c1ccccc1.C.Cc1ccccc1.O=C1NC(=O)c2ccccc21.C=O.CN1C(=O)c2ccccc2C1=O.Cc1ccccc1.CCOC(=O)C', 'Cc1ccccc1.c1ccccc1.C.Cc1ccccc1.O=C1NC(=O)c2ccccc21.C=O.CN1C(=O)c2ccccc2C1=O.CCOC(=O)C', 'CN1C(=O)c2ccccc2C1=O.Cc1ccccc1.c1ccccc1.C.Cc1ccccc1.O=C1NC(=O)c2ccccc21.C=O.CCOC(=O)C', 'C=O.CN1C(=O)c2ccccc2C1=O.Cc1ccccc1.c1ccccc1.C.Cc1ccccc1.O=C1NC(=O)c2ccccc21.CCOC(=O)C']"
Matrimid,Cc1ccc7c(c1)C(C)(c6ccc(n5c(=O)c4ccc(C(=O)c3ccc2c(=O)n(C)c(=O)c2c3)cc4c5=O)cc6)CC7(C)C,EA,CCOC(=O)C,"[5, 2, 0, 1, 6, 2, 0, 0, 4, 0, 0, 0]",15.08,[C][C][=C][C][=C][C][Branch1_2][Ring2][=C][Ring1][Branch1_2][C][Branch1_1][C][C][Branch2_1][Branch1_1][=N][C][=C][C][=C][Branch2_1][Ring2][P][N][C][Branch1_2][C][=O][C][=C][C][=C][Branch2_1][Ring1][O][C][Branch1_2][C][=O][C][=C][C][=C][C][Branch1_2][C][=O][N][Branch1_1][C][C][C][Branch1_2][C][=O][C][Ring1][Branch2_1][=C][Ring1][N][C][=C][Ring2][Ring1][Ring2][C][Ring2][Ring1][Branch2_1][=O][C][=C][Ring2][Ring1][#C][C][C][Ring2][Ring2][Branch1_2][Branch1_1][C][C][C],[C][C][O][C][Branch1_2][C][=O][C],{[][<]CN1C(=O)c2ccccc2C1=O[>][<]}{[>][<]C=O[>][<]}{[>][<]O=C1NC(=O)c2ccccc21[>][<]}{[>][<]c1ccccc1[>][<]}{[>][<]Cc1ccc2c(c1)C(C)CC2(C)C[>][]},CCOC(=O)C,"['CN1C(=O)c2ccccc2C1=O', 'C=O', 'O=C1NC(=O)c2ccccc21', 'c1ccccc1', 'Cc1ccc2c(c1)C(C)CC2(C)C', '.', 'CCOC(=O)C']","[['CN1C(=O)c2ccccc2C1=O', 'C=O', 'O=C1NC(=O)c2ccccc21', 'c1ccccc1', 'Cc1ccc2c(c1)C(C)CC2(C)C', '.', 'CCOC(=O)C'], ['Cc1ccc2c(c1)C(C)CC2(C)C', 'CN1C(=O)c2ccccc2C1=O', 'C=O', 'O=C1NC(=O)c2ccccc21', 'c1ccccc1', '.', 'CCOC(=O)C'], ['c1ccccc1', 'Cc1ccc2c(c1)C(C)CC2(C)C', 'CN1C(=O)c2ccccc2C1=O', 'C=O', 'O=C1NC(=O)c2ccccc21', '.', 'CCOC(=O)C'], ['O=C1NC(=O)c2ccccc21', 'c1ccccc1', 'Cc1ccc2c(c1)C(C)CC2(C)C', 'CN1C(=O)c2ccccc2C1=O', 'C=O', '.', 'CCOC(=O)C'], ['C=O', 'O=C1NC(=O)c2ccccc21', 'c1ccccc1', 'Cc1ccc2c(c1)C(C)CC2(C)C', 'CN1C(=O)c2ccccc2C1=O', '.', 'CCOC(=O)C']]","['CN1C(=O)c2ccccc2C1=O.C=O.O=C1NC(=O)c2ccccc21.c1ccccc1.Cc1ccc2c(c1)C(C)CC2(C)C.CCOC(=O)C', 'Cc1ccc2c(c1)C(C)CC2(C)C.CN1C(=O)c2ccccc2C1=O.C=O.O=C1NC(=O)c2ccccc21.c1ccccc1.CCOC(=O)C', 'c1ccccc1.Cc1ccc2c(c1)C(C)CC2(C)C.CN1C(=O)c2ccccc2C1=O.C=O.O=C1NC(=O)c2ccccc21.CCOC(=O)C', 'O=C1NC(=O)c2ccccc21.c1ccccc1.Cc1ccc2c(c1)C(C)CC2(C)C.CN1C(=O)c2ccccc2C1=O.C=O.CCOC(=O)C', 'C=O.O=C1NC(=O)c2ccccc21.c1ccccc1.Cc1ccc2c(c1)C(C)CC2(C)C.CN1C(=O)c2ccccc2C1=O.CCOC(=O)C']"
PEI,Cc7cccc(n6c(=O)c5ccc(Oc4ccc(C(C)(C)c3ccc(Oc2ccc1c(=O)n(C)c(=O)c1c2)cc3)cc4)cc5c6=O)c7,EA,CCOC(=O)C,"[4, 1, 0, 3, 5, 2, 0, 0, 5, 0, 0, 0]",6.15,[C][C][=C][C][=C][C][Branch2_1][Branch1_2][=C][N][C][Branch1_2][C][=O][C][=C][C][=C][Branch2_1][Branch1_1][Branch2_1][O][C][=C][C][=C][Branch2_1][Ring2][O][C][Branch1_1][C][C][Branch1_1][C][C][C][=C][C][=C][Branch2_1][Ring1][Branch2_1][O][C][=C][C][=C][C][Branch1_2][C][=O][N][Branch1_1][C][C][C][Branch1_2][C][=O][C][Ring1][Branch2_1][=C][Ring1][N][C][=C][Ring2][Ring1][Ring1][C][=C][Ring2][Ring1][N][C][=C][Ring2][Ring2][Ring1][C][Ring2][Ring2][Branch1_3][=O][=C][Ring2][Ring2][=C],[C][C][O][C][Branch1_2][C][=O][C],{[][<]CN1C(=O)c2ccccc2C1=O[>][<]}{[>][<]O[>][<]}{[>][<]c1ccccc1[>][<]}{[>][<]CCC[>][<]}{[>][<]c1ccccc1[>][<]}{[>][<]O[>][<]}{[>][<]O=C1NC(=O)c2ccccc21[>][<]}{[>][<]Cc1ccccc1[>][]},CCOC(=O)C,"['CN1C(=O)c2ccccc2C1=O', 'O', 'c1ccccc1', 'CCC', 'c1ccccc1', 'O', 'O=C1NC(=O)c2ccccc21', 'Cc1ccccc1', '.', 'CCOC(=O)C']","[['CN1C(=O)c2ccccc2C1=O', 'O', 'c1ccccc1', 'CCC', 'c1ccccc1', 'O', 'O=C1NC(=O)c2ccccc21', 'Cc1ccccc1', '.', 'CCOC(=O)C'], ['Cc1ccccc1', 'CN1C(=O)c2ccccc2C1=O', 'O', 'c1ccccc1', 'CCC', 'c1ccccc1', 'O', 'O=C1NC(=O)c2ccccc21', '.', 'CCOC(=O)C'], ['O=C1NC(=O)c2ccccc21', 'Cc1ccccc1', 'CN1C(=O)c2ccccc2C1=O', 'O', 'c1ccccc1', 'CCC', 'c1ccccc1', 'O', '.', 'CCOC(=O)C'], ['O', 'O=C1NC(=O)c2ccccc21', 'Cc1ccccc1', 'CN1C(=O)c2ccccc2C1=O', 'O', 'c1ccccc1', 'CCC', 'c1ccccc1', '.', 'CCOC(=O)C'], ['c1ccccc1', 'O', 'O=C1NC(=O)c2ccccc21', 'Cc1ccccc1', 'CN1C(=O)c2ccccc2C1=O', 'O', 'c1ccccc1', 'CCC', '.', 'CCOC(=O)C'], ['CCC', 'c1ccccc1', 'O', 'O=C1NC(=O)c2ccccc21', 'Cc1ccccc1', 'CN1C(=O)c2ccccc2C1=O', 'O', 'c1ccccc1', '.', 'CCOC(=O)C'], ['c1ccccc1', 'CCC', 'c1ccccc1', 'O', 'O=C1NC(=O)c2ccccc21', 'Cc1ccccc1', 'CN1C(=O)c2ccccc2C1=O', 'O', '.', 'CCOC(=O)C'], ['O', 'c1ccccc1', 'CCC', 'c1ccccc1', 'O', 'O=C1NC(=O)c2ccccc21', 'Cc1ccccc1', 'CN1C(=O)c2ccccc2C1=O', '.', 'CCOC(=O)C']]","['CN1C(=O)c2ccccc2C1=O.O.c1ccccc1.CCC.c1ccccc1.O.O=C1NC(=O)c2ccccc21.Cc1ccccc1.CCOC(=O)C', 'Cc1ccccc1.CN1C(=O)c2ccccc2C1=O.O.c1ccccc1.CCC.c1ccccc1.O.O=C1NC(=O)c2ccccc21.CCOC(=O)C', 'O=C1NC(=O)c2ccccc21.Cc1ccccc1.CN1C(=O)c2ccccc2C1=O.O.c1ccccc1.CCC.c1ccccc1.O.CCOC(=O)C', 'O.O=C1NC(=O)c2ccccc21.Cc1ccccc1.CN1C(=O)c2ccccc2C1=O.O.c1ccccc1.CCC.c1ccccc1.CCOC(=O)C', 'c1ccccc1.O.O=C1NC(=O)c2ccccc21.Cc1ccccc1.CN1C(=O)c2ccccc2C1=O.O.c1ccccc1.CCC.CCOC(=O)C', 'CCC.c1ccccc1.O.O=C1NC(=O)c2ccccc21.Cc1ccccc1.CN1C(=O)c2ccccc2C1=O.O.c1ccccc1.CCOC(=O)C', 'c1ccccc1.CCC.c1ccccc1.O.O=C1NC(=O)c2ccccc21.Cc1ccccc1.CN1C(=O)c2ccccc2C1=O.O.CCOC(=O)C', 'O.c1ccccc1.CCC.c1ccccc1.O.O=C1NC(=O)c2ccccc21.Cc1ccccc1.CN1C(=O)c2ccccc2C1=O.CCOC(=O)C']"
PTMSP,C/C(C)=C(C)\[Si](C)(C)C,MEK,CCC(=O)C,"[6, 1, 0, 0, 1, 0, 0, 0, 0, 0, 1, 1]",18.07,[C][/C][Branch1_1][C][C][=C][Branch1_1][C][C][\Siexpl][Branch1_1][C][C][Branch1_1][C][C][C],[C][C][C][Branch1_2][C][=O][C],{[][<]CCC[>][<]}{[>][<]CC[Si](C)(C)C[>][]},CCC(=O)C,"['CCC', 'CC[Si](C)(C)C', '.', 'CCC(=O)C']","[['CCC', 'CC[Si](C)(C)C', '.', 'CCC(=O)C'], ['CC[Si](C)(C)C', 'CCC', '.', 'CCC(=O)C']]","['CCC.CC[Si](C)(C)C.CCC(=O)C', 'CC[Si](C)(C)C.CCC.CCC(=O)C']"
PEBAX,CNCCCCCCCCCCCC(=O)OCCCCCOCCCCOCCCCC,MEK,CCC(=O)C,"[2, 576, 0, 75, 26, 25, 0, 0, 0, 0, 0, 0]",19.32,[C][N][C][C][C][C][C][C][C][C][C][C][C][C][Branch1_2][C][=O][O][C][C][C][C][C][O][C][C][C][C][O][C][C][C][C][C],[C][C][C][Branch1_2][C][=O][C],{[][<]CNCCCCCCCCCCCC=O[>][<]}{[>][<]CCCCCOCCCCOCCCCCO[>][]},CCC(=O)C,"['CNCCCCCCCCCCCC=O', 'CCCCCOCCCCOCCCCCO', '.', 'CCC(=O)C']","[['CNCCCCCCCCCCCC=O', 'CCCCCOCCCCOCCCCCO', '.', 'CCC(=O)C'], ['CCCCCOCCCCOCCCCCO', 'CNCCCCCCCCCCCC=O', '.', 'CCC(=O)C']]","['CNCCCCCCCCCCCC=O.CCCCCOCCCCOCCCCCO.CCC(=O)C', 'CCCCCOCCCCOCCCCCO.CNCCCCCCCCCCCC=O.CCC(=O)C']"
PAN,CCC(C)C#N,MEK,CCC(=O)C,"[2, 2, 1, 0, 1, 0, 1, 0, 0, 0, 0, 0]",0.3,[C][C][C][Branch1_1][C][C][C][#N],[C][C][C][Branch1_2][C][=O][C],{[][<]CC[>][<]}{[>][<]CCC#N[>][]},CCC(=O)C,"['CC', 'CCC#N', '.', 'CCC(=O)C']","[['CC', 'CCC#N', '.', 'CCC(=O)C'], ['CCC#N', 'CC', '.', 'CCC(=O)C']]","['CC.CCC#N.CCC(=O)C', 'CCC#N.CC.CCC(=O)C']"
PES,COc2ccc(S(=O)(=O)c1ccc(C)cc1)cc2,MEK,CCC(=O)C,"[2, 1, 0, 1, 1, 0, 0, 1, 2, 0, 0, 0]",11.79,[C][O][C][=C][C][=C][Branch2_1][Ring1][Ring1][S][Branch1_2][C][=O][Branch1_2][C][=O][C][=C][C][=C][Branch1_1][C][C][C][=C][Ring1][Branch1_3][C][=C][Ring1][S],[C][C][C][Branch1_2][C][=O][C],{[][<]CO[>][<]}{[>][<]c1ccccc1[>][<]}{[>][<]O=S=O[>][<]}{[>][<]Cc1ccccc1[>][]},CCC(=O)C,"['CO', 'c1ccccc1', 'O=S=O', 'Cc1ccccc1', '.', 'CCC(=O)C']","[['CO', 'c1ccccc1', 'O=S=O', 'Cc1ccccc1', '.', 'CCC(=O)C'], ['Cc1ccccc1', 'CO', 'c1ccccc1', 'O=S=O', '.', 'CCC(=O)C'], ['O=S=O', 'Cc1ccccc1', 'CO', 'c1ccccc1', '.', 'CCC(=O)C'], ['c1ccccc1', 'O=S=O', 'Cc1ccccc1', 'CO', '.', 'CCC(=O)C']]","['CO.c1ccccc1.O=S=O.Cc1ccccc1.CCC(=O)C', 'Cc1ccccc1.CO.c1ccccc1.O=S=O.CCC(=O)C', 'O=S=O.Cc1ccccc1.CO.c1ccccc1.CCC(=O)C', 'c1ccccc1.O=S=O.Cc1ccccc1.CO.CCC(=O)C']"
PSf,COc4ccc(S(=O)(=O)c3ccc(Oc2ccc(C(C)(C)c1ccc(C)cc1)cc2)cc3)cc4,MEK,CCC(=O)C,"[4, 1, 0, 2, 1, 0, 0, 1, 4, 0, 0, 0]",11.17,[C][O][C][=C][C][=C][Branch2_1][Branch1_1][C][S][Branch1_2][C][=O][Branch1_2][C][=O][C][=C][C][=C][Branch2_1][Ring1][#C][O][C][=C][C][=C][Branch2_1][Ring1][Ring1][C][Branch1_1][C][C][Branch1_1][C][C][C][=C][C][=C][Branch1_1][C][C][C][=C][Ring1][Branch1_3][C][=C][Ring1][S][C][=C][Ring2][Ring1][Branch1_3][C][=C][Ring2][Ring1][S],[C][C][C][Branch1_2][C][=O][C],{[][<]CO[>][<]}{[>][<]c1ccccc1[>][<]}{[>][<]O=S=O[>][<]}{[>][<]c1ccccc1[>][<]}{[>][<]O[>][<]}{[>][<]c1ccccc1[>][<]}{[>][<]CCC[>][<]}{[>][<]Cc1ccccc1[>][]},CCC(=O)C,"['CO', 'c1ccccc1', 'O=S=O', 'c1ccccc1', 'O', 'c1ccccc1', 'CCC', 'Cc1ccccc1', '.', 'CCC(=O)C']","[['CO', 'c1ccccc1', 'O=S=O', 'c1ccccc1', 'O', 'c1ccccc1', 'CCC', 'Cc1ccccc1', '.', 'CCC(=O)C'], ['Cc1ccccc1', 'CO', 'c1ccccc1', 'O=S=O', 'c1ccccc1', 'O', 'c1ccccc1', 'CCC', '.', 'CCC(=O)C'], ['CCC', 'Cc1ccccc1', 'CO', 'c1ccccc1', 'O=S=O', 'c1ccccc1', 'O', 'c1ccccc1', '.', 'CCC(=O)C'], ['c1ccccc1', 'CCC', 'Cc1ccccc1', 'CO', 'c1ccccc1', 'O=S=O', 'c1ccccc1', 'O', '.', 'CCC(=O)C'], ['O', 'c1ccccc1', 'CCC', 'Cc1ccccc1', 'CO', 'c1ccccc1', 'O=S=O', 'c1ccccc1', '.', 'CCC(=O)C'], ['c1ccccc1', 'O', 'c1ccccc1', 'CCC', 'Cc1ccccc1', 'CO', 'c1ccccc1', 'O=S=O', '.', 'CCC(=O)C'], ['O=S=O', 'c1ccccc1', 'O', 'c1ccccc1', 'CCC', 'Cc1ccccc1', 'CO', 'c1ccccc1', '.', 'CCC(=O)C'], ['c1ccccc1', 'O=S=O', 'c1ccccc1', 'O', 'c1ccccc1', 'CCC', 'Cc1ccccc1', 'CO', '.', 'CCC(=O)C']]","['CO.c1ccccc1.O=S=O.c1ccccc1.O.c1ccccc1.CCC.Cc1ccccc1.CCC(=O)C', 'Cc1ccccc1.CO.c1ccccc1.O=S=O.c1ccccc1.O.c1ccccc1.CCC.CCC(=O)C', 'CCC.Cc1ccccc1.CO.c1ccccc1.O=S=O.c1ccccc1.O.c1ccccc1.CCC(=O)C', 'c1ccccc1.CCC.Cc1ccccc1.CO.c1ccccc1.O=S=O.c1ccccc1.O.CCC(=O)C', 'O.c1ccccc1.CCC.Cc1ccccc1.CO.c1ccccc1.O=S=O.c1ccccc1.CCC(=O)C', 'c1ccccc1.O.c1ccccc1.CCC.Cc1ccccc1.CO.c1ccccc1.O=S=O.CCC(=O)C', 'O=S=O.c1ccccc1.O.c1ccccc1.CCC.Cc1ccccc1.CO.c1ccccc1.CCC(=O)C', 'c1ccccc1.O=S=O.c1ccccc1.O.c1ccccc1.CCC.Cc1ccccc1.CO.CCC(=O)C']"
P84,Cc7ccc(Cc6ccc(c5ccc(n4c(=O)c3ccc(C(=O)c2ccc1c(=O)n(C)c(=O)c1c2)cc3c4=O)c(C)c5)cc6)cc7,MEK,CCC(=O)C,"[2, 1, 0, 0, 6, 2, 0, 0, 3, 0, 0, 0]",5.43,[C][C][=C][C][=C][Branch2_1][Branch1_2][=N][C][C][=C][C][=C][Branch2_1][Branch1_1][S][C][=C][C][=C][Branch2_1][Ring2][P][N][C][Branch1_2][C][=O][C][=C][C][=C][Branch2_1][Ring1][O][C][Branch1_2][C][=O][C][=C][C][=C][C][Branch1_2][C][=O][N][Branch1_1][C][C][C][Branch1_2][C][=O][C][Ring1][Branch2_1][=C][Ring1][N][C][=C][Ring2][Ring1][Ring2][C][Ring2][Ring1][Branch2_1][=O][C][Branch1_1][C][C][=C][Ring2][Ring1][S][C][=C][Ring2][Ring2][Branch1_2][C][=C][Ring2][Ring2][=N],[C][C][C][Branch1_2][C][=O][C],{[][<]O=C1NC(=O)c2ccccc21[>][<]}{[>][<]C=O[>][<]}{[>][<]CN1C(=O)c2ccccc2C1=O[>][<]}{[>][<]Cc1ccccc1[>][<]}{[>][<]c1ccccc1[>][<]}{[>][<]C[>][<]}{[>][<]Cc1ccccc1[>][]},CCC(=O)C,"['O=C1NC(=O)c2ccccc21', 'C=O', 'CN1C(=O)c2ccccc2C1=O', 'Cc1ccccc1', 'c1ccccc1', 'C', 'Cc1ccccc1', '.', 'CCC(=O)C']","[['O=C1NC(=O)c2ccccc21', 'C=O', 'CN1C(=O)c2ccccc2C1=O', 'Cc1ccccc1', 'c1ccccc1', 'C', 'Cc1ccccc1', '.', 'CCC(=O)C'], ['Cc1ccccc1', 'O=C1NC(=O)c2ccccc21', 'C=O', 'CN1C(=O)c2ccccc2C1=O', 'Cc1ccccc1', 'c1ccccc1', 'C', '.', 'CCC(=O)C'], ['C', 'Cc1ccccc1', 'O=C1NC(=O)c2ccccc21', 'C=O', 'CN1C(=O)c2ccccc2C1=O', 'Cc1ccccc1', 'c1ccccc1', '.', 'CCC(=O)C'], ['c1ccccc1', 'C', 'Cc1ccccc1', 'O=C1NC(=O)c2ccccc21', 'C=O', 'CN1C(=O)c2ccccc2C1=O', 'Cc1ccccc1', '.', 'CCC(=O)C'], ['Cc1ccccc1', 'c1ccccc1', 'C', 'Cc1ccccc1', 'O=C1NC(=O)c2ccccc21', 'C=O', 'CN1C(=O)c2ccccc2C1=O', '.', 'CCC(=O)C'], ['CN1C(=O)c2ccccc2C1=O', 'Cc1ccccc1', 'c1ccccc1', 'C', 'Cc1ccccc1', 'O=C1NC(=O)c2ccccc21', 'C=O', '.', 'CCC(=O)C'], ['C=O', 'CN1C(=O)c2ccccc2C1=O', 'Cc1ccccc1', 'c1ccccc1', 'C', 'Cc1ccccc1', 'O=C1NC(=O)c2ccccc21', '.', 'CCC(=O)C']]","['O=C1NC(=O)c2ccccc21.C=O.CN1C(=O)c2ccccc2C1=O.Cc1ccccc1.c1ccccc1.C.Cc1ccccc1.CCC(=O)C', 'Cc1ccccc1.O=C1NC(=O)c2ccccc21.C=O.CN1C(=O)c2ccccc2C1=O.Cc1ccccc1.c1ccccc1.C.CCC(=O)C', 'C.Cc1ccccc1.O=C1NC(=O)c2ccccc21.C=O.CN1C(=O)c2ccccc2C1=O.Cc1ccccc1.c1ccccc1.CCC(=O)C', 'c1ccccc1.C.Cc1ccccc1.O=C1NC(=O)c2ccccc21.C=O.CN1C(=O)c2ccccc2C1=O.Cc1ccccc1.CCC(=O)C', 'Cc1ccccc1.c1ccccc1.C.Cc1ccccc1.O=C1NC(=O)c2ccccc21.C=O.CN1C(=O)c2ccccc2C1=O.CCC(=O)C', 'CN1C(=O)c2ccccc2C1=O.Cc1ccccc1.c1ccccc1.C.Cc1ccccc1.O=C1NC(=O)c2ccccc21.C=O.CCC(=O)C', 'C=O.CN1C(=O)c2ccccc2C1=O.Cc1ccccc1.c1ccccc1.C.Cc1ccccc1.O=C1NC(=O)c2ccccc21.CCC(=O)C']"
Matrimid,Cc1ccc7c(c1)C(C)(c6ccc(n5c(=O)c4ccc(C(=O)c3ccc2c(=O)n(C)c(=O)c2c3)cc4c5=O)cc6)CC7(C)C,MEK,CCC(=O)C,"[5, 2, 0, 0, 6, 2, 0, 0, 4, 0, 0, 0]",17.01,[C][C][=C][C][=C][C][Branch1_2][Ring2][=C][Ring1][Branch1_2][C][Branch1_1][C][C][Branch2_1][Branch1_1][=N][C][=C][C][=C][Branch2_1][Ring2][P][N][C][Branch1_2][C][=O][C][=C][C][=C][Branch2_1][Ring1][O][C][Branch1_2][C][=O][C][=C][C][=C][C][Branch1_2][C][=O][N][Branch1_1][C][C][C][Branch1_2][C][=O][C][Ring1][Branch2_1][=C][Ring1][N][C][=C][Ring2][Ring1][Ring2][C][Ring2][Ring1][Branch2_1][=O][C][=C][Ring2][Ring1][#C][C][C][Ring2][Ring2][Branch1_2][Branch1_1][C][C][C],[C][C][C][Branch1_2][C][=O][C],{[][<]CN1C(=O)c2ccccc2C1=O[>][<]}{[>][<]C=O[>][<]}{[>][<]O=C1NC(=O)c2ccccc21[>][<]}{[>][<]c1ccccc1[>][<]}{[>][<]Cc1ccc2c(c1)C(C)CC2(C)C[>][]},CCC(=O)C,"['CN1C(=O)c2ccccc2C1=O', 'C=O', 'O=C1NC(=O)c2ccccc21', 'c1ccccc1', 'Cc1ccc2c(c1)C(C)CC2(C)C', '.', 'CCC(=O)C']","[['CN1C(=O)c2ccccc2C1=O', 'C=O', 'O=C1NC(=O)c2ccccc21', 'c1ccccc1', 'Cc1ccc2c(c1)C(C)CC2(C)C', '.', 'CCC(=O)C'], ['Cc1ccc2c(c1)C(C)CC2(C)C', 'CN1C(=O)c2ccccc2C1=O', 'C=O', 'O=C1NC(=O)c2ccccc21', 'c1ccccc1', '.', 'CCC(=O)C'], ['c1ccccc1', 'Cc1ccc2c(c1)C(C)CC2(C)C', 'CN1C(=O)c2ccccc2C1=O', 'C=O', 'O=C1NC(=O)c2ccccc21', '.', 'CCC(=O)C'], ['O=C1NC(=O)c2ccccc21', 'c1ccccc1', 'Cc1ccc2c(c1)C(C)CC2(C)C', 'CN1C(=O)c2ccccc2C1=O', 'C=O', '.', 'CCC(=O)C'], ['C=O', 'O=C1NC(=O)c2ccccc21', 'c1ccccc1', 'Cc1ccc2c(c1)C(C)CC2(C)C', 'CN1C(=O)c2ccccc2C1=O', '.', 'CCC(=O)C']]","['CN1C(=O)c2ccccc2C1=O.C=O.O=C1NC(=O)c2ccccc21.c1ccccc1.Cc1ccc2c(c1)C(C)CC2(C)C.CCC(=O)C', 'Cc1ccc2c(c1)C(C)CC2(C)C.CN1C(=O)c2ccccc2C1=O.C=O.O=C1NC(=O)c2ccccc21.c1ccccc1.CCC(=O)C', 'c1ccccc1.Cc1ccc2c(c1)C(C)CC2(C)C.CN1C(=O)c2ccccc2C1=O.C=O.O=C1NC(=O)c2ccccc21.CCC(=O)C', 'O=C1NC(=O)c2ccccc21.c1ccccc1.Cc1ccc2c(c1)C(C)CC2(C)C.CN1C(=O)c2ccccc2C1=O.C=O.CCC(=O)C', 'C=O.O=C1NC(=O)c2ccccc21.c1ccccc1.Cc1ccc2c(c1)C(C)CC2(C)C.CN1C(=O)c2ccccc2C1=O.CCC(=O)C']"
PEI,Cc7cccc(n6c(=O)c5ccc(Oc4ccc(C(C)(C)c3ccc(Oc2ccc1c(=O)n(C)c(=O)c1c2)cc3)cc4)cc5c6=O)c7,MEK,CCC(=O)C,"[4, 1, 0, 2, 5, 2, 0, 0, 5, 0, 0, 0]",6.94,[C][C][=C][C][=C][C][Branch2_1][Branch1_2][=C][N][C][Branch1_2][C][=O][C][=C][C][=C][Branch2_1][Branch1_1][Branch2_1][O][C][=C][C][=C][Branch2_1][Ring2][O][C][Branch1_1][C][C][Branch1_1][C][C][C][=C][C][=C][Branch2_1][Ring1][Branch2_1][O][C][=C][C][=C][C][Branch1_2][C][=O][N][Branch1_1][C][C][C][Branch1_2][C][=O][C][Ring1][Branch2_1][=C][Ring1][N][C][=C][Ring2][Ring1][Ring1][C][=C][Ring2][Ring1][N][C][=C][Ring2][Ring2][Ring1][C][Ring2][Ring2][Branch1_3][=O][=C][Ring2][Ring2][=C],[C][C][C][Branch1_2][C][=O][C],{[][<]CN1C(=O)c2ccccc2C1=O[>][<]}{[>][<]O[>][<]}{[>][<]c1ccccc1[>][<]}{[>][<]CCC[>][<]}{[>][<]c1ccccc1[>][<]}{[>][<]O[>][<]}{[>][<]O=C1NC(=O)c2ccccc21[>][<]}{[>][<]Cc1ccccc1[>][]},CCC(=O)C,"['CN1C(=O)c2ccccc2C1=O', 'O', 'c1ccccc1', 'CCC', 'c1ccccc1', 'O', 'O=C1NC(=O)c2ccccc21', 'Cc1ccccc1', '.', 'CCC(=O)C']","[['CN1C(=O)c2ccccc2C1=O', 'O', 'c1ccccc1', 'CCC', 'c1ccccc1', 'O', 'O=C1NC(=O)c2ccccc21', 'Cc1ccccc1', '.', 'CCC(=O)C'], ['Cc1ccccc1', 'CN1C(=O)c2ccccc2C1=O', 'O', 'c1ccccc1', 'CCC', 'c1ccccc1', 'O', 'O=C1NC(=O)c2ccccc21', '.', 'CCC(=O)C'], ['O=C1NC(=O)c2ccccc21', 'Cc1ccccc1', 'CN1C(=O)c2ccccc2C1=O', 'O', 'c1ccccc1', 'CCC', 'c1ccccc1', 'O', '.', 'CCC(=O)C'], ['O', 'O=C1NC(=O)c2ccccc21', 'Cc1ccccc1', 'CN1C(=O)c2ccccc2C1=O', 'O', 'c1ccccc1', 'CCC', 'c1ccccc1', '.', 'CCC(=O)C'], ['c1ccccc1', 'O', 'O=C1NC(=O)c2ccccc21', 'Cc1ccccc1', 'CN1C(=O)c2ccccc2C1=O', 'O', 'c1ccccc1', 'CCC', '.', 'CCC(=O)C'], ['CCC', 'c1ccccc1', 'O', 'O=C1NC(=O)c2ccccc21', 'Cc1ccccc1', 'CN1C(=O)c2ccccc2C1=O', 'O', 'c1ccccc1', '.', 'CCC(=O)C'], ['c1ccccc1', 'CCC', 'c1ccccc1', 'O', 'O=C1NC(=O)c2ccccc21', 'Cc1ccccc1', 'CN1C(=O)c2ccccc2C1=O', 'O', '.', 'CCC(=O)C'], ['O', 'c1ccccc1', 'CCC', 'c1ccccc1', 'O', 'O=C1NC(=O)c2ccccc21', 'Cc1ccccc1', 'CN1C(=O)c2ccccc2C1=O', '.', 'CCC(=O)C']]","['CN1C(=O)c2ccccc2C1=O.O.c1ccccc1.CCC.c1ccccc1.O.O=C1NC(=O)c2ccccc21.Cc1ccccc1.CCC(=O)C', 'Cc1ccccc1.CN1C(=O)c2ccccc2C1=O.O.c1ccccc1.CCC.c1ccccc1.O.O=C1NC(=O)c2ccccc21.CCC(=O)C', 'O=C1NC(=O)c2ccccc21.Cc1ccccc1.CN1C(=O)c2ccccc2C1=O.O.c1ccccc1.CCC.c1ccccc1.O.CCC(=O)C', 'O.O=C1NC(=O)c2ccccc21.Cc1ccccc1.CN1C(=O)c2ccccc2C1=O.O.c1ccccc1.CCC.c1ccccc1.CCC(=O)C', 'c1ccccc1.O.O=C1NC(=O)c2ccccc21.Cc1ccccc1.CN1C(=O)c2ccccc2C1=O.O.c1ccccc1.CCC.CCC(=O)C', 'CCC.c1ccccc1.O.O=C1NC(=O)c2ccccc21.Cc1ccccc1.CN1C(=O)c2ccccc2C1=O.O.c1ccccc1.CCC(=O)C', 'c1ccccc1.CCC.c1ccccc1.O.O=C1NC(=O)c2ccccc21.Cc1ccccc1.CN1C(=O)c2ccccc2C1=O.O.CCC(=O)C', 'O.c1ccccc1.CCC.c1ccccc1.O.O=C1NC(=O)c2ccccc21.Cc1ccccc1.CN1C(=O)c2ccccc2C1=O.CCC(=O)C']"
PTMSP,C/C(C)=C(C)\[Si](C)(C)C,Acetone,CC(=O)C,"[6, 0, 0, 0, 1, 0, 0, 0, 0, 0, 1, 1]",12.92,[C][/C][Branch1_1][C][C][=C][Branch1_1][C][C][\Siexpl][Branch1_1][C][C][Branch1_1][C][C][C],[C][C][Branch1_2][C][=O][C],{[][<]CCC[>][<]}{[>][<]CC[Si](C)(C)C[>][]},CC(=O)C,"['CCC', 'CC[Si](C)(C)C', '.', 'CC(=O)C']","[['CCC', 'CC[Si](C)(C)C', '.', 'CC(=O)C'], ['CC[Si](C)(C)C', 'CCC', '.', 'CC(=O)C']]","['CCC.CC[Si](C)(C)C.CC(=O)C', 'CC[Si](C)(C)C.CCC.CC(=O)C']"
PEBAX,CNCCCCCCCCCCCC(=O)OCCCCCOCCCCOCCCCC,Acetone,CC(=O)C,"[2, 575, 0, 75, 26, 25, 0, 0, 0, 0, 0, 0]",12.98,[C][N][C][C][C][C][C][C][C][C][C][C][C][C][Branch1_2][C][=O][O][C][C][C][C][C][O][C][C][C][C][O][C][C][C][C][C],[C][C][Branch1_2][C][=O][C],{[][<]CNCCCCCCCCCCCC=O[>][<]}{[>][<]CCCCCOCCCCOCCCCCO[>][]},CC(=O)C,"['CNCCCCCCCCCCCC=O', 'CCCCCOCCCCOCCCCCO', '.', 'CC(=O)C']","[['CNCCCCCCCCCCCC=O', 'CCCCCOCCCCOCCCCCO', '.', 'CC(=O)C'], ['CCCCCOCCCCOCCCCCO', 'CNCCCCCCCCCCCC=O', '.', 'CC(=O)C']]","['CNCCCCCCCCCCCC=O.CCCCCOCCCCOCCCCCO.CC(=O)C', 'CCCCCOCCCCOCCCCCO.CNCCCCCCCCCCCC=O.CC(=O)C']"
PAN,CCC(C)C#N,Acetone,CC(=O)C,"[2, 1, 1, 0, 1, 0, 1, 0, 0, 0, 0, 0]",0.27,[C][C][C][Branch1_1][C][C][C][#N],[C][C][Branch1_2][C][=O][C],{[][<]CC[>][<]}{[>][<]CCC#N[>][]},CC(=O)C,"['CC', 'CCC#N', '.', 'CC(=O)C']","[['CC', 'CCC#N', '.', 'CC(=O)C'], ['CCC#N', 'CC', '.', 'CC(=O)C']]","['CC.CCC#N.CC(=O)C', 'CCC#N.CC.CC(=O)C']"
PES,COc2ccc(S(=O)(=O)c1ccc(C)cc1)cc2,Acetone,CC(=O)C,"[2, 0, 0, 1, 1, 0, 0, 1, 2, 0, 0, 0]",11.82,[C][O][C][=C][C][=C][Branch2_1][Ring1][Ring1][S][Branch1_2][C][=O][Branch1_2][C][=O][C][=C][C][=C][Branch1_1][C][C][C][=C][Ring1][Branch1_3][C][=C][Ring1][S],[C][C][Branch1_2][C][=O][C],{[][<]CO[>][<]}{[>][<]c1ccccc1[>][<]}{[>][<]O=S=O[>][<]}{[>][<]Cc1ccccc1[>][]},CC(=O)C,"['CO', 'c1ccccc1', 'O=S=O', 'Cc1ccccc1', '.', 'CC(=O)C']","[['CO', 'c1ccccc1', 'O=S=O', 'Cc1ccccc1', '.', 'CC(=O)C'], ['Cc1ccccc1', 'CO', 'c1ccccc1', 'O=S=O', '.', 'CC(=O)C'], ['O=S=O', 'Cc1ccccc1', 'CO', 'c1ccccc1', '.', 'CC(=O)C'], ['c1ccccc1', 'O=S=O', 'Cc1ccccc1', 'CO', '.', 'CC(=O)C']]","['CO.c1ccccc1.O=S=O.Cc1ccccc1.CC(=O)C', 'Cc1ccccc1.CO.c1ccccc1.O=S=O.CC(=O)C', 'O=S=O.Cc1ccccc1.CO.c1ccccc1.CC(=O)C', 'c1ccccc1.O=S=O.Cc1ccccc1.CO.CC(=O)C']"
PSf,COc4ccc(S(=O)(=O)c3ccc(Oc2ccc(C(C)(C)c1ccc(C)cc1)cc2)cc3)cc4,Acetone,CC(=O)C,"[4, 0, 0, 2, 1, 0, 0, 1, 4, 0, 0, 0]",7.61,[C][O][C][=C][C][=C][Branch2_1][Branch1_1][C][S][Branch1_2][C][=O][Branch1_2][C][=O][C][=C][C][=C][Branch2_1][Ring1][#C][O][C][=C][C][=C][Branch2_1][Ring1][Ring1][C][Branch1_1][C][C][Branch1_1][C][C][C][=C][C][=C][Branch1_1][C][C][C][=C][Ring1][Branch1_3][C][=C][Ring1][S][C][=C][Ring2][Ring1][Branch1_3][C][=C][Ring2][Ring1][S],[C][C][Branch1_2][C][=O][C],{[][<]CO[>][<]}{[>][<]c1ccccc1[>][<]}{[>][<]O=S=O[>][<]}{[>][<]c1ccccc1[>][<]}{[>][<]O[>][<]}{[>][<]c1ccccc1[>][<]}{[>][<]CCC[>][<]}{[>][<]Cc1ccccc1[>][]},CC(=O)C,"['CO', 'c1ccccc1', 'O=S=O', 'c1ccccc1', 'O', 'c1ccccc1', 'CCC', 'Cc1ccccc1', '.', 'CC(=O)C']","[['CO', 'c1ccccc1', 'O=S=O', 'c1ccccc1', 'O', 'c1ccccc1', 'CCC', 'Cc1ccccc1', '.', 'CC(=O)C'], ['Cc1ccccc1', 'CO', 'c1ccccc1', 'O=S=O', 'c1ccccc1', 'O', 'c1ccccc1', 'CCC', '.', 'CC(=O)C'], ['CCC', 'Cc1ccccc1', 'CO', 'c1ccccc1', 'O=S=O', 'c1ccccc1', 'O', 'c1ccccc1', '.', 'CC(=O)C'], ['c1ccccc1', 'CCC', 'Cc1ccccc1', 'CO', 'c1ccccc1', 'O=S=O', 'c1ccccc1', 'O', '.', 'CC(=O)C'], ['O', 'c1ccccc1', 'CCC', 'Cc1ccccc1', 'CO', 'c1ccccc1', 'O=S=O', 'c1ccccc1', '.', 'CC(=O)C'], ['c1ccccc1', 'O', 'c1ccccc1', 'CCC', 'Cc1ccccc1', 'CO', 'c1ccccc1', 'O=S=O', '.', 'CC(=O)C'], ['O=S=O', 'c1ccccc1', 'O', 'c1ccccc1', 'CCC', 'Cc1ccccc1', 'CO', 'c1ccccc1', '.', 'CC(=O)C'], ['c1ccccc1', 'O=S=O', 'c1ccccc1', 'O', 'c1ccccc1', 'CCC', 'Cc1ccccc1', 'CO', '.', 'CC(=O)C']]","['CO.c1ccccc1.O=S=O.c1ccccc1.O.c1ccccc1.CCC.Cc1ccccc1.CC(=O)C', 'Cc1ccccc1.CO.c1ccccc1.O=S=O.c1ccccc1.O.c1ccccc1.CCC.CC(=O)C', 'CCC.Cc1ccccc1.CO.c1ccccc1.O=S=O.c1ccccc1.O.c1ccccc1.CC(=O)C', 'c1ccccc1.CCC.Cc1ccccc1.CO.c1ccccc1.O=S=O.c1ccccc1.O.CC(=O)C', 'O.c1ccccc1.CCC.Cc1ccccc1.CO.c1ccccc1.O=S=O.c1ccccc1.CC(=O)C', 'c1ccccc1.O.c1ccccc1.CCC.Cc1ccccc1.CO.c1ccccc1.O=S=O.CC(=O)C', 'O=S=O.c1ccccc1.O.c1ccccc1.CCC.Cc1ccccc1.CO.c1ccccc1.CC(=O)C', 'c1ccccc1.O=S=O.c1ccccc1.O.c1ccccc1.CCC.Cc1ccccc1.CO.CC(=O)C']"
Matrimid,Cc1ccc7c(c1)C(C)(c6ccc(n5c(=O)c4ccc(C(=O)c3ccc2c(=O)n(C)c(=O)c2c3)cc4c5=O)cc6)CC7(C)C,Acetone,CC(=O)C,"[5, 1, 0, 0, 6, 2, 0, 0, 4, 0, 0, 0]",15.58,[C][C][=C][C][=C][C][Branch1_2][Ring2][=C][Ring1][Branch1_2][C][Branch1_1][C][C][Branch2_1][Branch1_1][=N][C][=C][C][=C][Branch2_1][Ring2][P][N][C][Branch1_2][C][=O][C][=C][C][=C][Branch2_1][Ring1][O][C][Branch1_2][C][=O][C][=C][C][=C][C][Branch1_2][C][=O][N][Branch1_1][C][C][C][Branch1_2][C][=O][C][Ring1][Branch2_1][=C][Ring1][N][C][=C][Ring2][Ring1][Ring2][C][Ring2][Ring1][Branch2_1][=O][C][=C][Ring2][Ring1][#C][C][C][Ring2][Ring2][Branch1_2][Branch1_1][C][C][C],[C][C][Branch1_2][C][=O][C],{[][<]CN1C(=O)c2ccccc2C1=O[>][<]}{[>][<]C=O[>][<]}{[>][<]O=C1NC(=O)c2ccccc21[>][<]}{[>][<]c1ccccc1[>][<]}{[>][<]Cc1ccc2c(c1)C(C)CC2(C)C[>][]},CC(=O)C,"['CN1C(=O)c2ccccc2C1=O', 'C=O', 'O=C1NC(=O)c2ccccc21', 'c1ccccc1', 'Cc1ccc2c(c1)C(C)CC2(C)C', '.', 'CC(=O)C']","[['CN1C(=O)c2ccccc2C1=O', 'C=O', 'O=C1NC(=O)c2ccccc21', 'c1ccccc1', 'Cc1ccc2c(c1)C(C)CC2(C)C', '.', 'CC(=O)C'], ['Cc1ccc2c(c1)C(C)CC2(C)C', 'CN1C(=O)c2ccccc2C1=O', 'C=O', 'O=C1NC(=O)c2ccccc21', 'c1ccccc1', '.', 'CC(=O)C'], ['c1ccccc1', 'Cc1ccc2c(c1)C(C)CC2(C)C', 'CN1C(=O)c2ccccc2C1=O', 'C=O', 'O=C1NC(=O)c2ccccc21', '.', 'CC(=O)C'], ['O=C1NC(=O)c2ccccc21', 'c1ccccc1', 'Cc1ccc2c(c1)C(C)CC2(C)C', 'CN1C(=O)c2ccccc2C1=O', 'C=O', '.', 'CC(=O)C'], ['C=O', 'O=C1NC(=O)c2ccccc21', 'c1ccccc1', 'Cc1ccc2c(c1)C(C)CC2(C)C', 'CN1C(=O)c2ccccc2C1=O', '.', 'CC(=O)C']]","['CN1C(=O)c2ccccc2C1=O.C=O.O=C1NC(=O)c2ccccc21.c1ccccc1.Cc1ccc2c(c1)C(C)CC2(C)C.CC(=O)C', 'Cc1ccc2c(c1)C(C)CC2(C)C.CN1C(=O)c2ccccc2C1=O.C=O.O=C1NC(=O)c2ccccc21.c1ccccc1.CC(=O)C', 'c1ccccc1.Cc1ccc2c(c1)C(C)CC2(C)C.CN1C(=O)c2ccccc2C1=O.C=O.O=C1NC(=O)c2ccccc21.CC(=O)C', 'O=C1NC(=O)c2ccccc21.c1ccccc1.Cc1ccc2c(c1)C(C)CC2(C)C.CN1C(=O)c2ccccc2C1=O.C=O.CC(=O)C', 'C=O.O=C1NC(=O)c2ccccc21.c1ccccc1.Cc1ccc2c(c1)C(C)CC2(C)C.CN1C(=O)c2ccccc2C1=O.CC(=O)C']"
PEI,Cc7cccc(n6c(=O)c5ccc(Oc4ccc(C(C)(C)c3ccc(Oc2ccc1c(=O)n(C)c(=O)c1c2)cc3)cc4)cc5c6=O)c7,Acetone,CC(=O)C,"[4, 0, 0, 2, 5, 2, 0, 0, 5, 0, 0, 0]",7.17,[C][C][=C][C][=C][C][Branch2_1][Branch1_2][=C][N][C][Branch1_2][C][=O][C][=C][C][=C][Branch2_1][Branch1_1][Branch2_1][O][C][=C][C][=C][Branch2_1][Ring2][O][C][Branch1_1][C][C][Branch1_1][C][C][C][=C][C][=C][Branch2_1][Ring1][Branch2_1][O][C][=C][C][=C][C][Branch1_2][C][=O][N][Branch1_1][C][C][C][Branch1_2][C][=O][C][Ring1][Branch2_1][=C][Ring1][N][C][=C][Ring2][Ring1][Ring1][C][=C][Ring2][Ring1][N][C][=C][Ring2][Ring2][Ring1][C][Ring2][Ring2][Branch1_3][=O][=C][Ring2][Ring2][=C],[C][C][Branch1_2][C][=O][C],{[][<]CN1C(=O)c2ccccc2C1=O[>][<]}{[>][<]O[>][<]}{[>][<]c1ccccc1[>][<]}{[>][<]CCC[>][<]}{[>][<]c1ccccc1[>][<]}{[>][<]O[>][<]}{[>][<]O=C1NC(=O)c2ccccc21[>][<]}{[>][<]Cc1ccccc1[>][]},CC(=O)C,"['CN1C(=O)c2ccccc2C1=O', 'O', 'c1ccccc1', 'CCC', 'c1ccccc1', 'O', 'O=C1NC(=O)c2ccccc21', 'Cc1ccccc1', '.', 'CC(=O)C']","[['CN1C(=O)c2ccccc2C1=O', 'O', 'c1ccccc1', 'CCC', 'c1ccccc1', 'O', 'O=C1NC(=O)c2ccccc21', 'Cc1ccccc1', '.', 'CC(=O)C'], ['Cc1ccccc1', 'CN1C(=O)c2ccccc2C1=O', 'O', 'c1ccccc1', 'CCC', 'c1ccccc1', 'O', 'O=C1NC(=O)c2ccccc21', '.', 'CC(=O)C'], ['O=C1NC(=O)c2ccccc21', 'Cc1ccccc1', 'CN1C(=O)c2ccccc2C1=O', 'O', 'c1ccccc1', 'CCC', 'c1ccccc1', 'O', '.', 'CC(=O)C'], ['O', 'O=C1NC(=O)c2ccccc21', 'Cc1ccccc1', 'CN1C(=O)c2ccccc2C1=O', 'O', 'c1ccccc1', 'CCC', 'c1ccccc1', '.', 'CC(=O)C'], ['c1ccccc1', 'O', 'O=C1NC(=O)c2ccccc21', 'Cc1ccccc1', 'CN1C(=O)c2ccccc2C1=O', 'O', 'c1ccccc1', 'CCC', '.', 'CC(=O)C'], ['CCC', 'c1ccccc1', 'O', 'O=C1NC(=O)c2ccccc21', 'Cc1ccccc1', 'CN1C(=O)c2ccccc2C1=O', 'O', 'c1ccccc1', '.', 'CC(=O)C'], ['c1ccccc1', 'CCC', 'c1ccccc1', 'O', 'O=C1NC(=O)c2ccccc21', 'Cc1ccccc1', 'CN1C(=O)c2ccccc2C1=O', 'O', '.', 'CC(=O)C'], ['O', 'c1ccccc1', 'CCC', 'c1ccccc1', 'O', 'O=C1NC(=O)c2ccccc21', 'Cc1ccccc1', 'CN1C(=O)c2ccccc2C1=O', '.', 'CC(=O)C']]","['CN1C(=O)c2ccccc2C1=O.O.c1ccccc1.CCC.c1ccccc1.O.O=C1NC(=O)c2ccccc21.Cc1ccccc1.CC(=O)C', 'Cc1ccccc1.CN1C(=O)c2ccccc2C1=O.O.c1ccccc1.CCC.c1ccccc1.O.O=C1NC(=O)c2ccccc21.CC(=O)C', 'O=C1NC(=O)c2ccccc21.Cc1ccccc1.CN1C(=O)c2ccccc2C1=O.O.c1ccccc1.CCC.c1ccccc1.O.CC(=O)C', 'O.O=C1NC(=O)c2ccccc21.Cc1ccccc1.CN1C(=O)c2ccccc2C1=O.O.c1ccccc1.CCC.c1ccccc1.CC(=O)C', 'c1ccccc1.O.O=C1NC(=O)c2ccccc21.Cc1ccccc1.CN1C(=O)c2ccccc2C1=O.O.c1ccccc1.CCC.CC(=O)C', 'CCC.c1ccccc1.O.O=C1NC(=O)c2ccccc21.Cc1ccccc1.CN1C(=O)c2ccccc2C1=O.O.c1ccccc1.CC(=O)C', 'c1ccccc1.CCC.c1ccccc1.O.O=C1NC(=O)c2ccccc21.Cc1ccccc1.CN1C(=O)c2ccccc2C1=O.O.CC(=O)C', 'O.c1ccccc1.CCC.c1ccccc1.O.O=C1NC(=O)c2ccccc21.Cc1ccccc1.CN1C(=O)c2ccccc2C1=O.CC(=O)C']"
PTMSP,C/C(C)=C(C)\[Si](C)(C)C,IPA,CC(C)O,"[6, 0, 1, 0, 0, 0, 0, 0, 0, 1, 1, 1]",27.51,[C][/C][Branch1_1][C][C][=C][Branch1_1][C][C][\Siexpl][Branch1_1][C][C][Branch1_1][C][C][C],[C][C][Branch1_1][C][C][O],{[][<]CCC[>][<]}{[>][<]CC[Si](C)(C)C[>][]},CC(C)O,"['CCC', 'CC[Si](C)(C)C', '.', 'CC(C)O']","[['CCC', 'CC[Si](C)(C)C', '.', 'CC(C)O'], ['CC[Si](C)(C)C', 'CCC', '.', 'CC(C)O']]","['CCC.CC[Si](C)(C)C.CC(C)O', 'CC[Si](C)(C)C.CCC.CC(C)O']"
PDMS,C[Si](C)(C)OC,IPA,CC(C)O,"[4, 0, 1, 1, 0, 0, 0, 0, 0, 1, 1, 0]",10.71,[C][Siexpl][Branch1_1][C][C][Branch1_1][C][C][O][C],[C][C][Branch1_1][C][C][O],{[][<]C[Si](C)C[>][<]}{[>][<]CO[>][]},CC(C)O,"['C[Si](C)C', 'CO', '.', 'CC(C)O']","[['C[Si](C)C', 'CO', '.', 'CC(C)O'], ['CO', 'C[Si](C)C', '.', 'CC(C)O']]","['C[Si](C)C.CO.CC(C)O', 'CO.C[Si](C)C.CC(C)O']"
PEBAX,CNCCCCCCCCCCCC(=O)OCCCCCOCCCCOCCCCC,IPA,CC(C)O,"[2, 575, 1, 75, 25, 25, 0, 0, 0, 1, 0, 0]",20.51,[C][N][C][C][C][C][C][C][C][C][C][C][C][C][Branch1_2][C][=O][O][C][C][C][C][C][O][C][C][C][C][O][C][C][C][C][C],[C][C][Branch1_1][C][C][O],{[][<]CNCCCCCCCCCCCC=O[>][<]}{[>][<]CCCCCOCCCCOCCCCCO[>][]},CC(C)O,"['CNCCCCCCCCCCCC=O', 'CCCCCOCCCCOCCCCCO', '.', 'CC(C)O']","[['CNCCCCCCCCCCCC=O', 'CCCCCOCCCCOCCCCCO', '.', 'CC(C)O'], ['CCCCCOCCCCOCCCCCO', 'CNCCCCCCCCCCCC=O', '.', 'CC(C)O']]","['CNCCCCCCCCCCCC=O.CCCCCOCCCCOCCCCCO.CC(C)O', 'CCCCCOCCCCOCCCCCO.CNCCCCCCCCCCCC=O.CC(C)O']"
PAN,CCC(C)C#N,IPA,CC(C)O,"[2, 1, 2, 0, 0, 0, 1, 0, 0, 1, 0, 0]",0.0,[C][C][C][Branch1_1][C][C][C][#N],[C][C][Branch1_1][C][C][O],{[][<]CC[>][<]}{[>][<]CCC#N[>][]},CC(C)O,"['CC', 'CCC#N', '.', 'CC(C)O']","[['CC', 'CCC#N', '.', 'CC(C)O'], ['CCC#N', 'CC', '.', 'CC(C)O']]","['CC.CCC#N.CC(C)O', 'CCC#N.CC.CC(C)O']"
PES,COc2ccc(S(=O)(=O)c1ccc(C)cc1)cc2,IPA,CC(C)O,"[2, 0, 1, 1, 0, 0, 0, 1, 2, 1, 0, 0]",2.28,[C][O][C][=C][C][=C][Branch2_1][Ring1][Ring1][S][Branch1_2][C][=O][Branch1_2][C][=O][C][=C][C][=C][Branch1_1][C][C][C][=C][Ring1][Branch1_3][C][=C][Ring1][S],[C][C][Branch1_1][C][C][O],{[][<]CO[>][<]}{[>][<]c1ccccc1[>][<]}{[>][<]O=S=O[>][<]}{[>][<]Cc1ccccc1[>][]},CC(C)O,"['CO', 'c1ccccc1', 'O=S=O', 'Cc1ccccc1', '.', 'CC(C)O']","[['CO', 'c1ccccc1', 'O=S=O', 'Cc1ccccc1', '.', 'CC(C)O'], ['Cc1ccccc1', 'CO', 'c1ccccc1', 'O=S=O', '.', 'CC(C)O'], ['O=S=O', 'Cc1ccccc1', 'CO', 'c1ccccc1', '.', 'CC(C)O'], ['c1ccccc1', 'O=S=O', 'Cc1ccccc1', 'CO', '.', 'CC(C)O']]","['CO.c1ccccc1.O=S=O.Cc1ccccc1.CC(C)O', 'Cc1ccccc1.CO.c1ccccc1.O=S=O.CC(C)O', 'O=S=O.Cc1ccccc1.CO.c1ccccc1.CC(C)O', 'c1ccccc1.O=S=O.Cc1ccccc1.CO.CC(C)O']"
PSf,COc4ccc(S(=O)(=O)c3ccc(Oc2ccc(C(C)(C)c1ccc(C)cc1)cc2)cc3)cc4,IPA,CC(C)O,"[4, 0, 1, 2, 0, 0, 0, 1, 4, 1, 0, 0]",1.61,[C][O][C][=C][C][=C][Branch2_1][Branch1_1][C][S][Branch1_2][C][=O][Branch1_2][C][=O][C][=C][C][=C][Branch2_1][Ring1][#C][O][C][=C][C][=C][Branch2_1][Ring1][Ring1][C][Branch1_1][C][C][Branch1_1][C][C][C][=C][C][=C][Branch1_1][C][C][C][=C][Ring1][Branch1_3][C][=C][Ring1][S][C][=C][Ring2][Ring1][Branch1_3][C][=C][Ring2][Ring1][S],[C][C][Branch1_1][C][C][O],{[][<]CO[>][<]}{[>][<]c1ccccc1[>][<]}{[>][<]O=S=O[>][<]}{[>][<]c1ccccc1[>][<]}{[>][<]O[>][<]}{[>][<]c1ccccc1[>][<]}{[>][<]CCC[>][<]}{[>][<]Cc1ccccc1[>][]},CC(C)O,"['CO', 'c1ccccc1', 'O=S=O', 'c1ccccc1', 'O', 'c1ccccc1', 'CCC', 'Cc1ccccc1', '.', 'CC(C)O']","[['CO', 'c1ccccc1', 'O=S=O', 'c1ccccc1', 'O', 'c1ccccc1', 'CCC', 'Cc1ccccc1', '.', 'CC(C)O'], ['Cc1ccccc1', 'CO', 'c1ccccc1', 'O=S=O', 'c1ccccc1', 'O', 'c1ccccc1', 'CCC', '.', 'CC(C)O'], ['CCC', 'Cc1ccccc1', 'CO', 'c1ccccc1', 'O=S=O', 'c1ccccc1', 'O', 'c1ccccc1', '.', 'CC(C)O'], ['c1ccccc1', 'CCC', 'Cc1ccccc1', 'CO', 'c1ccccc1', 'O=S=O', 'c1ccccc1', 'O', '.', 'CC(C)O'], ['O', 'c1ccccc1', 'CCC', 'Cc1ccccc1', 'CO', 'c1ccccc1', 'O=S=O', 'c1ccccc1', '.', 'CC(C)O'], ['c1ccccc1', 'O', 'c1ccccc1', 'CCC', 'Cc1ccccc1', 'CO', 'c1ccccc1', 'O=S=O', '.', 'CC(C)O'], ['O=S=O', 'c1ccccc1', 'O', 'c1ccccc1', 'CCC', 'Cc1ccccc1', 'CO', 'c1ccccc1', '.', 'CC(C)O'], ['c1ccccc1', 'O=S=O', 'c1ccccc1', 'O', 'c1ccccc1', 'CCC', 'Cc1ccccc1', 'CO', '.', 'CC(C)O']]","['CO.c1ccccc1.O=S=O.c1ccccc1.O.c1ccccc1.CCC.Cc1ccccc1.CC(C)O', 'Cc1ccccc1.CO.c1ccccc1.O=S=O.c1ccccc1.O.c1ccccc1.CCC.CC(C)O', 'CCC.Cc1ccccc1.CO.c1ccccc1.O=S=O.c1ccccc1.O.c1ccccc1.CC(C)O', 'c1ccccc1.CCC.Cc1ccccc1.CO.c1ccccc1.O=S=O.c1ccccc1.O.CC(C)O', 'O.c1ccccc1.CCC.Cc1ccccc1.CO.c1ccccc1.O=S=O.c1ccccc1.CC(C)O', 'c1ccccc1.O.c1ccccc1.CCC.Cc1ccccc1.CO.c1ccccc1.O=S=O.CC(C)O', 'O=S=O.c1ccccc1.O.c1ccccc1.CCC.Cc1ccccc1.CO.c1ccccc1.CC(C)O', 'c1ccccc1.O=S=O.c1ccccc1.O.c1ccccc1.CCC.Cc1ccccc1.CO.CC(C)O']"
P84,Cc7ccc(Cc6ccc(c5ccc(n4c(=O)c3ccc(C(=O)c2ccc1c(=O)n(C)c(=O)c1c2)cc3c4=O)c(C)c5)cc6)cc7,IPA,CC(C)O,"[2, 0, 1, 0, 5, 2, 0, 0, 3, 1, 0, 0]",2.22,[C][C][=C][C][=C][Branch2_1][Branch1_2][=N][C][C][=C][C][=C][Branch2_1][Branch1_1][S][C][=C][C][=C][Branch2_1][Ring2][P][N][C][Branch1_2][C][=O][C][=C][C][=C][Branch2_1][Ring1][O][C][Branch1_2][C][=O][C][=C][C][=C][C][Branch1_2][C][=O][N][Branch1_1][C][C][C][Branch1_2][C][=O][C][Ring1][Branch2_1][=C][Ring1][N][C][=C][Ring2][Ring1][Ring2][C][Ring2][Ring1][Branch2_1][=O][C][Branch1_1][C][C][=C][Ring2][Ring1][S][C][=C][Ring2][Ring2][Branch1_2][C][=C][Ring2][Ring2][=N],[C][C][Branch1_1][C][C][O],{[][<]O=C1NC(=O)c2ccccc21[>][<]}{[>][<]C=O[>][<]}{[>][<]CN1C(=O)c2ccccc2C1=O[>][<]}{[>][<]Cc1ccccc1[>][<]}{[>][<]c1ccccc1[>][<]}{[>][<]C[>][<]}{[>][<]Cc1ccccc1[>][]},CC(C)O,"['O=C1NC(=O)c2ccccc21', 'C=O', 'CN1C(=O)c2ccccc2C1=O', 'Cc1ccccc1', 'c1ccccc1', 'C', 'Cc1ccccc1', '.', 'CC(C)O']","[['O=C1NC(=O)c2ccccc21', 'C=O', 'CN1C(=O)c2ccccc2C1=O', 'Cc1ccccc1', 'c1ccccc1', 'C', 'Cc1ccccc1', '.', 'CC(C)O'], ['Cc1ccccc1', 'O=C1NC(=O)c2ccccc21', 'C=O', 'CN1C(=O)c2ccccc2C1=O', 'Cc1ccccc1', 'c1ccccc1', 'C', '.', 'CC(C)O'], ['C', 'Cc1ccccc1', 'O=C1NC(=O)c2ccccc21', 'C=O', 'CN1C(=O)c2ccccc2C1=O', 'Cc1ccccc1', 'c1ccccc1', '.', 'CC(C)O'], ['c1ccccc1', 'C', 'Cc1ccccc1', 'O=C1NC(=O)c2ccccc21', 'C=O', 'CN1C(=O)c2ccccc2C1=O', 'Cc1ccccc1', '.', 'CC(C)O'], ['Cc1ccccc1', 'c1ccccc1', 'C', 'Cc1ccccc1', 'O=C1NC(=O)c2ccccc21', 'C=O', 'CN1C(=O)c2ccccc2C1=O', '.', 'CC(C)O'], ['CN1C(=O)c2ccccc2C1=O', 'Cc1ccccc1', 'c1ccccc1', 'C', 'Cc1ccccc1', 'O=C1NC(=O)c2ccccc21', 'C=O', '.', 'CC(C)O'], ['C=O', 'CN1C(=O)c2ccccc2C1=O', 'Cc1ccccc1', 'c1ccccc1', 'C', 'Cc1ccccc1', 'O=C1NC(=O)c2ccccc21', '.', 'CC(C)O']]","['O=C1NC(=O)c2ccccc21.C=O.CN1C(=O)c2ccccc2C1=O.Cc1ccccc1.c1ccccc1.C.Cc1ccccc1.CC(C)O', 'Cc1ccccc1.O=C1NC(=O)c2ccccc21.C=O.CN1C(=O)c2ccccc2C1=O.Cc1ccccc1.c1ccccc1.C.CC(C)O', 'C.Cc1ccccc1.O=C1NC(=O)c2ccccc21.C=O.CN1C(=O)c2ccccc2C1=O.Cc1ccccc1.c1ccccc1.CC(C)O', 'c1ccccc1.C.Cc1ccccc1.O=C1NC(=O)c2ccccc21.C=O.CN1C(=O)c2ccccc2C1=O.Cc1ccccc1.CC(C)O', 'Cc1ccccc1.c1ccccc1.C.Cc1ccccc1.O=C1NC(=O)c2ccccc21.C=O.CN1C(=O)c2ccccc2C1=O.CC(C)O', 'CN1C(=O)c2ccccc2C1=O.Cc1ccccc1.c1ccccc1.C.Cc1ccccc1.O=C1NC(=O)c2ccccc21.C=O.CC(C)O', 'C=O.CN1C(=O)c2ccccc2C1=O.Cc1ccccc1.c1ccccc1.C.Cc1ccccc1.O=C1NC(=O)c2ccccc21.CC(C)O']"
Matrimid,Cc1ccc7c(c1)C(C)(c6ccc(n5c(=O)c4ccc(C(=O)c3ccc2c(=O)n(C)c(=O)c2c3)cc4c5=O)cc6)CC7(C)C,IPA,CC(C)O,"[5, 1, 1, 0, 5, 2, 0, 0, 4, 1, 0, 0]",5.22,[C][C][=C][C][=C][C][Branch1_2][Ring2][=C][Ring1][Branch1_2][C][Branch1_1][C][C][Branch2_1][Branch1_1][=N][C][=C][C][=C][Branch2_1][Ring2][P][N][C][Branch1_2][C][=O][C][=C][C][=C][Branch2_1][Ring1][O][C][Branch1_2][C][=O][C][=C][C][=C][C][Branch1_2][C][=O][N][Branch1_1][C][C][C][Branch1_2][C][=O][C][Ring1][Branch2_1][=C][Ring1][N][C][=C][Ring2][Ring1][Ring2][C][Ring2][Ring1][Branch2_1][=O][C][=C][Ring2][Ring1][#C][C][C][Ring2][Ring2][Branch1_2][Branch1_1][C][C][C],[C][C][Branch1_1][C][C][O],{[][<]CN1C(=O)c2ccccc2C1=O[>][<]}{[>][<]C=O[>][<]}{[>][<]O=C1NC(=O)c2ccccc21[>][<]}{[>][<]c1ccccc1[>][<]}{[>][<]Cc1ccc2c(c1)C(C)CC2(C)C[>][]},CC(C)O,"['CN1C(=O)c2ccccc2C1=O', 'C=O', 'O=C1NC(=O)c2ccccc21', 'c1ccccc1', 'Cc1ccc2c(c1)C(C)CC2(C)C', '.', 'CC(C)O']","[['CN1C(=O)c2ccccc2C1=O', 'C=O', 'O=C1NC(=O)c2ccccc21', 'c1ccccc1', 'Cc1ccc2c(c1)C(C)CC2(C)C', '.', 'CC(C)O'], ['Cc1ccc2c(c1)C(C)CC2(C)C', 'CN1C(=O)c2ccccc2C1=O', 'C=O', 'O=C1NC(=O)c2ccccc21', 'c1ccccc1', '.', 'CC(C)O'], ['c1ccccc1', 'Cc1ccc2c(c1)C(C)CC2(C)C', 'CN1C(=O)c2ccccc2C1=O', 'C=O', 'O=C1NC(=O)c2ccccc21', '.', 'CC(C)O'], ['O=C1NC(=O)c2ccccc21', 'c1ccccc1', 'Cc1ccc2c(c1)C(C)CC2(C)C', 'CN1C(=O)c2ccccc2C1=O', 'C=O', '.', 'CC(C)O'], ['C=O', 'O=C1NC(=O)c2ccccc21', 'c1ccccc1', 'Cc1ccc2c(c1)C(C)CC2(C)C', 'CN1C(=O)c2ccccc2C1=O', '.', 'CC(C)O']]","['CN1C(=O)c2ccccc2C1=O.C=O.O=C1NC(=O)c2ccccc21.c1ccccc1.Cc1ccc2c(c1)C(C)CC2(C)C.CC(C)O', 'Cc1ccc2c(c1)C(C)CC2(C)C.CN1C(=O)c2ccccc2C1=O.C=O.O=C1NC(=O)c2ccccc21.c1ccccc1.CC(C)O', 'c1ccccc1.Cc1ccc2c(c1)C(C)CC2(C)C.CN1C(=O)c2ccccc2C1=O.C=O.O=C1NC(=O)c2ccccc21.CC(C)O', 'O=C1NC(=O)c2ccccc21.c1ccccc1.Cc1ccc2c(c1)C(C)CC2(C)C.CN1C(=O)c2ccccc2C1=O.C=O.CC(C)O', 'C=O.O=C1NC(=O)c2ccccc21.c1ccccc1.Cc1ccc2c(c1)C(C)CC2(C)C.CN1C(=O)c2ccccc2C1=O.CC(C)O']"
PTMSP,C/C(C)=C(C)\[Si](C)(C)C,Ethanol,CCO,"[5, 1, 0, 0, 0, 0, 0, 0, 0, 1, 1, 1]",15.13,[C][/C][Branch1_1][C][C][=C][Branch1_1][C][C][\Siexpl][Branch1_1][C][C][Branch1_1][C][C][C],[C][C][O],{[][<]CCC[>][<]}{[>][<]CC[Si](C)(C)C[>][]},CCO,"['CCC', 'CC[Si](C)(C)C', '.', 'CCO']","[['CCC', 'CC[Si](C)(C)C', '.', 'CCO'], ['CC[Si](C)(C)C', 'CCC', '.', 'CCO']]","['CCC.CC[Si](C)(C)C.CCO', 'CC[Si](C)(C)C.CCC.CCO']"
PEBAX,CNCCCCCCCCCCCC(=O)OCCCCCOCCCCOCCCCC,Ethanol,CCO,"[1, 576, 0, 75, 25, 25, 0, 0, 0, 1, 0, 0]",12.29,[C][N][C][C][C][C][C][C][C][C][C][C][C][C][Branch1_2][C][=O][O][C][C][C][C][C][O][C][C][C][C][O][C][C][C][C][C],[C][C][O],{[][<]CNCCCCCCCCCCCC=O[>][<]}{[>][<]CCCCCOCCCCOCCCCCO[>][]},CCO,"['CNCCCCCCCCCCCC=O', 'CCCCCOCCCCOCCCCCO', '.', 'CCO']","[['CNCCCCCCCCCCCC=O', 'CCCCCOCCCCOCCCCCO', '.', 'CCO'], ['CCCCCOCCCCOCCCCCO', 'CNCCCCCCCCCCCC=O', '.', 'CCO']]","['CNCCCCCCCCCCCC=O.CCCCCOCCCCOCCCCCO.CCO', 'CCCCCOCCCCOCCCCCO.CNCCCCCCCCCCCC=O.CCO']"
PAN,CCC(C)C#N,Ethanol,CCO,"[1, 2, 1, 0, 0, 0, 1, 0, 0, 1, 0, 0]",0.33,[C][C][C][Branch1_1][C][C][C][#N],[C][C][O],{[][<]CC[>][<]}{[>][<]CCC#N[>][]},CCO,"['CC', 'CCC#N', '.', 'CCO']","[['CC', 'CCC#N', '.', 'CCO'], ['CCC#N', 'CC', '.', 'CCO']]","['CC.CCC#N.CCO', 'CCC#N.CC.CCO']"
PES,COc2ccc(S(=O)(=O)c1ccc(C)cc1)cc2,Ethanol,CCO,"[1, 1, 0, 1, 0, 0, 0, 1, 2, 1, 0, 0]",2.76,[C][O][C][=C][C][=C][Branch2_1][Ring1][Ring1][S][Branch1_2][C][=O][Branch1_2][C][=O][C][=C][C][=C][Branch1_1][C][C][C][=C][Ring1][Branch1_3][C][=C][Ring1][S],[C][C][O],{[][<]CO[>][<]}{[>][<]c1ccccc1[>][<]}{[>][<]O=S=O[>][<]}{[>][<]Cc1ccccc1[>][]},CCO,"['CO', 'c1ccccc1', 'O=S=O', 'Cc1ccccc1', '.', 'CCO']","[['CO', 'c1ccccc1', 'O=S=O', 'Cc1ccccc1', '.', 'CCO'], ['Cc1ccccc1', 'CO', 'c1ccccc1', 'O=S=O', '.', 'CCO'], ['O=S=O', 'Cc1ccccc1', 'CO', 'c1ccccc1', '.', 'CCO'], ['c1ccccc1', 'O=S=O', 'Cc1ccccc1', 'CO', '.', 'CCO']]","['CO.c1ccccc1.O=S=O.Cc1ccccc1.CCO', 'Cc1ccccc1.CO.c1ccccc1.O=S=O.CCO', 'O=S=O.Cc1ccccc1.CO.c1ccccc1.CCO', 'c1ccccc1.O=S=O.Cc1ccccc1.CO.CCO']"
PSf,COc4ccc(S(=O)(=O)c3ccc(Oc2ccc(C(C)(C)c1ccc(C)cc1)cc2)cc3)cc4,Ethanol,CCO,"[3, 1, 0, 2, 0, 0, 0, 1, 4, 1, 0, 0]",2.28,[C][O][C][=C][C][=C][Branch2_1][Branch1_1][C][S][Branch1_2][C][=O][Branch1_2][C][=O][C][=C][C][=C][Branch2_1][Ring1][#C][O][C][=C][C][=C][Branch2_1][Ring1][Ring1][C][Branch1_1][C][C][Branch1_1][C][C][C][=C][C][=C][Branch1_1][C][C][C][=C][Ring1][Branch1_3][C][=C][Ring1][S][C][=C][Ring2][Ring1][Branch1_3][C][=C][Ring2][Ring1][S],[C][C][O],{[][<]CO[>][<]}{[>][<]c1ccccc1[>][<]}{[>][<]O=S=O[>][<]}{[>][<]c1ccccc1[>][<]}{[>][<]O[>][<]}{[>][<]c1ccccc1[>][<]}{[>][<]CCC[>][<]}{[>][<]Cc1ccccc1[>][]},CCO,"['CO', 'c1ccccc1', 'O=S=O', 'c1ccccc1', 'O', 'c1ccccc1', 'CCC', 'Cc1ccccc1', '.', 'CCO']","[['CO', 'c1ccccc1', 'O=S=O', 'c1ccccc1', 'O', 'c1ccccc1', 'CCC', 'Cc1ccccc1', '.', 'CCO'], ['Cc1ccccc1', 'CO', 'c1ccccc1', 'O=S=O', 'c1ccccc1', 'O', 'c1ccccc1', 'CCC', '.', 'CCO'], ['CCC', 'Cc1ccccc1', 'CO', 'c1ccccc1', 'O=S=O', 'c1ccccc1', 'O', 'c1ccccc1', '.', 'CCO'], ['c1ccccc1', 'CCC', 'Cc1ccccc1', 'CO', 'c1ccccc1', 'O=S=O', 'c1ccccc1', 'O', '.', 'CCO'], ['O', 'c1ccccc1', 'CCC', 'Cc1ccccc1', 'CO', 'c1ccccc1', 'O=S=O', 'c1ccccc1', '.', 'CCO'], ['c1ccccc1', 'O', 'c1ccccc1', 'CCC', 'Cc1ccccc1', 'CO', 'c1ccccc1', 'O=S=O', '.', 'CCO'], ['O=S=O', 'c1ccccc1', 'O', 'c1ccccc1', 'CCC', 'Cc1ccccc1', 'CO', 'c1ccccc1', '.', 'CCO'], ['c1ccccc1', 'O=S=O', 'c1ccccc1', 'O', 'c1ccccc1', 'CCC', 'Cc1ccccc1', 'CO', '.', 'CCO']]","['CO.c1ccccc1.O=S=O.c1ccccc1.O.c1ccccc1.CCC.Cc1ccccc1.CCO', 'Cc1ccccc1.CO.c1ccccc1.O=S=O.c1ccccc1.O.c1ccccc1.CCC.CCO', 'CCC.Cc1ccccc1.CO.c1ccccc1.O=S=O.c1ccccc1.O.c1ccccc1.CCO', 'c1ccccc1.CCC.Cc1ccccc1.CO.c1ccccc1.O=S=O.c1ccccc1.O.CCO', 'O.c1ccccc1.CCC.Cc1ccccc1.CO.c1ccccc1.O=S=O.c1ccccc1.CCO', 'c1ccccc1.O.c1ccccc1.CCC.Cc1ccccc1.CO.c1ccccc1.O=S=O.CCO', 'O=S=O.c1ccccc1.O.c1ccccc1.CCC.Cc1ccccc1.CO.c1ccccc1.CCO', 'c1ccccc1.O=S=O.c1ccccc1.O.c1ccccc1.CCC.Cc1ccccc1.CO.CCO']"
P84,Cc7ccc(Cc6ccc(c5ccc(n4c(=O)c3ccc(C(=O)c2ccc1c(=O)n(C)c(=O)c1c2)cc3c4=O)c(C)c5)cc6)cc7,Ethanol,CCO,"[1, 1, 0, 0, 5, 2, 0, 0, 3, 1, 0, 0]",3.17,[C][C][=C][C][=C][Branch2_1][Branch1_2][=N][C][C][=C][C][=C][Branch2_1][Branch1_1][S][C][=C][C][=C][Branch2_1][Ring2][P][N][C][Branch1_2][C][=O][C][=C][C][=C][Branch2_1][Ring1][O][C][Branch1_2][C][=O][C][=C][C][=C][C][Branch1_2][C][=O][N][Branch1_1][C][C][C][Branch1_2][C][=O][C][Ring1][Branch2_1][=C][Ring1][N][C][=C][Ring2][Ring1][Ring2][C][Ring2][Ring1][Branch2_1][=O][C][Branch1_1][C][C][=C][Ring2][Ring1][S][C][=C][Ring2][Ring2][Branch1_2][C][=C][Ring2][Ring2][=N],[C][C][O],{[][<]O=C1NC(=O)c2ccccc21[>][<]}{[>][<]C=O[>][<]}{[>][<]CN1C(=O)c2ccccc2C1=O[>][<]}{[>][<]Cc1ccccc1[>][<]}{[>][<]c1ccccc1[>][<]}{[>][<]C[>][<]}{[>][<]Cc1ccccc1[>][]},CCO,"['O=C1NC(=O)c2ccccc21', 'C=O', 'CN1C(=O)c2ccccc2C1=O', 'Cc1ccccc1', 'c1ccccc1', 'C', 'Cc1ccccc1', '.', 'CCO']","[['O=C1NC(=O)c2ccccc21', 'C=O', 'CN1C(=O)c2ccccc2C1=O', 'Cc1ccccc1', 'c1ccccc1', 'C', 'Cc1ccccc1', '.', 'CCO'], ['Cc1ccccc1', 'O=C1NC(=O)c2ccccc21', 'C=O', 'CN1C(=O)c2ccccc2C1=O', 'Cc1ccccc1', 'c1ccccc1', 'C', '.', 'CCO'], ['C', 'Cc1ccccc1', 'O=C1NC(=O)c2ccccc21', 'C=O', 'CN1C(=O)c2ccccc2C1=O', 'Cc1ccccc1', 'c1ccccc1', '.', 'CCO'], ['c1ccccc1', 'C', 'Cc1ccccc1', 'O=C1NC(=O)c2ccccc21', 'C=O', 'CN1C(=O)c2ccccc2C1=O', 'Cc1ccccc1', '.', 'CCO'], ['Cc1ccccc1', 'c1ccccc1', 'C', 'Cc1ccccc1', 'O=C1NC(=O)c2ccccc21', 'C=O', 'CN1C(=O)c2ccccc2C1=O', '.', 'CCO'], ['CN1C(=O)c2ccccc2C1=O', 'Cc1ccccc1', 'c1ccccc1', 'C', 'Cc1ccccc1', 'O=C1NC(=O)c2ccccc21', 'C=O', '.', 'CCO'], ['C=O', 'CN1C(=O)c2ccccc2C1=O', 'Cc1ccccc1', 'c1ccccc1', 'C', 'Cc1ccccc1', 'O=C1NC(=O)c2ccccc21', '.', 'CCO']]","['O=C1NC(=O)c2ccccc21.C=O.CN1C(=O)c2ccccc2C1=O.Cc1ccccc1.c1ccccc1.C.Cc1ccccc1.CCO', 'Cc1ccccc1.O=C1NC(=O)c2ccccc21.C=O.CN1C(=O)c2ccccc2C1=O.Cc1ccccc1.c1ccccc1.C.CCO', 'C.Cc1ccccc1.O=C1NC(=O)c2ccccc21.C=O.CN1C(=O)c2ccccc2C1=O.Cc1ccccc1.c1ccccc1.CCO', 'c1ccccc1.C.Cc1ccccc1.O=C1NC(=O)c2ccccc21.C=O.CN1C(=O)c2ccccc2C1=O.Cc1ccccc1.CCO', 'Cc1ccccc1.c1ccccc1.C.Cc1ccccc1.O=C1NC(=O)c2ccccc21.C=O.CN1C(=O)c2ccccc2C1=O.CCO', 'CN1C(=O)c2ccccc2C1=O.Cc1ccccc1.c1ccccc1.C.Cc1ccccc1.O=C1NC(=O)c2ccccc21.C=O.CCO', 'C=O.CN1C(=O)c2ccccc2C1=O.Cc1ccccc1.c1ccccc1.C.Cc1ccccc1.O=C1NC(=O)c2ccccc21.CCO']"
Matrimid,Cc1ccc7c(c1)C(C)(c6ccc(n5c(=O)c4ccc(C(=O)c3ccc2c(=O)n(C)c(=O)c2c3)cc4c5=O)cc6)CC7(C)C,Ethanol,CCO,"[4, 2, 0, 0, 5, 2, 0, 0, 4, 1, 0, 0]",6.3,[C][C][=C][C][=C][C][Branch1_2][Ring2][=C][Ring1][Branch1_2][C][Branch1_1][C][C][Branch2_1][Branch1_1][=N][C][=C][C][=C][Branch2_1][Ring2][P][N][C][Branch1_2][C][=O][C][=C][C][=C][Branch2_1][Ring1][O][C][Branch1_2][C][=O][C][=C][C][=C][C][Branch1_2][C][=O][N][Branch1_1][C][C][C][Branch1_2][C][=O][C][Ring1][Branch2_1][=C][Ring1][N][C][=C][Ring2][Ring1][Ring2][C][Ring2][Ring1][Branch2_1][=O][C][=C][Ring2][Ring1][#C][C][C][Ring2][Ring2][Branch1_2][Branch1_1][C][C][C],[C][C][O],{[][<]CN1C(=O)c2ccccc2C1=O[>][<]}{[>][<]C=O[>][<]}{[>][<]O=C1NC(=O)c2ccccc21[>][<]}{[>][<]c1ccccc1[>][<]}{[>][<]Cc1ccc2c(c1)C(C)CC2(C)C[>][]},CCO,"['CN1C(=O)c2ccccc2C1=O', 'C=O', 'O=C1NC(=O)c2ccccc21', 'c1ccccc1', 'Cc1ccc2c(c1)C(C)CC2(C)C', '.', 'CCO']","[['CN1C(=O)c2ccccc2C1=O', 'C=O', 'O=C1NC(=O)c2ccccc21', 'c1ccccc1', 'Cc1ccc2c(c1)C(C)CC2(C)C', '.', 'CCO'], ['Cc1ccc2c(c1)C(C)CC2(C)C', 'CN1C(=O)c2ccccc2C1=O', 'C=O', 'O=C1NC(=O)c2ccccc21', 'c1ccccc1', '.', 'CCO'], ['c1ccccc1', 'Cc1ccc2c(c1)C(C)CC2(C)C', 'CN1C(=O)c2ccccc2C1=O', 'C=O', 'O=C1NC(=O)c2ccccc21', '.', 'CCO'], ['O=C1NC(=O)c2ccccc21', 'c1ccccc1', 'Cc1ccc2c(c1)C(C)CC2(C)C', 'CN1C(=O)c2ccccc2C1=O', 'C=O', '.', 'CCO'], ['C=O', 'O=C1NC(=O)c2ccccc21', 'c1ccccc1', 'Cc1ccc2c(c1)C(C)CC2(C)C', 'CN1C(=O)c2ccccc2C1=O', '.', 'CCO']]","['CN1C(=O)c2ccccc2C1=O.C=O.O=C1NC(=O)c2ccccc21.c1ccccc1.Cc1ccc2c(c1)C(C)CC2(C)C.CCO', 'Cc1ccc2c(c1)C(C)CC2(C)C.CN1C(=O)c2ccccc2C1=O.C=O.O=C1NC(=O)c2ccccc21.c1ccccc1.CCO', 'c1ccccc1.Cc1ccc2c(c1)C(C)CC2(C)C.CN1C(=O)c2ccccc2C1=O.C=O.O=C1NC(=O)c2ccccc21.CCO', 'O=C1NC(=O)c2ccccc21.c1ccccc1.Cc1ccc2c(c1)C(C)CC2(C)C.CN1C(=O)c2ccccc2C1=O.C=O.CCO', 'C=O.O=C1NC(=O)c2ccccc21.c1ccccc1.Cc1ccc2c(c1)C(C)CC2(C)C.CN1C(=O)c2ccccc2C1=O.CCO']"
PEI,Cc7cccc(n6c(=O)c5ccc(Oc4ccc(C(C)(C)c3ccc(Oc2ccc1c(=O)n(C)c(=O)c1c2)cc3)cc4)cc5c6=O)c7,Ethanol,CCO,"[3, 1, 0, 2, 4, 2, 0, 0, 5, 1, 0, 0]",1.25,[C][C][=C][C][=C][C][Branch2_1][Branch1_2][=C][N][C][Branch1_2][C][=O][C][=C][C][=C][Branch2_1][Branch1_1][Branch2_1][O][C][=C][C][=C][Branch2_1][Ring2][O][C][Branch1_1][C][C][Branch1_1][C][C][C][=C][C][=C][Branch2_1][Ring1][Branch2_1][O][C][=C][C][=C][C][Branch1_2][C][=O][N][Branch1_1][C][C][C][Branch1_2][C][=O][C][Ring1][Branch2_1][=C][Ring1][N][C][=C][Ring2][Ring1][Ring1][C][=C][Ring2][Ring1][N][C][=C][Ring2][Ring2][Ring1][C][Ring2][Ring2][Branch1_3][=O][=C][Ring2][Ring2][=C],[C][C][O],{[][<]CN1C(=O)c2ccccc2C1=O[>][<]}{[>][<]O[>][<]}{[>][<]c1ccccc1[>][<]}{[>][<]CCC[>][<]}{[>][<]c1ccccc1[>][<]}{[>][<]O[>][<]}{[>][<]O=C1NC(=O)c2ccccc21[>][<]}{[>][<]Cc1ccccc1[>][]},CCO,"['CN1C(=O)c2ccccc2C1=O', 'O', 'c1ccccc1', 'CCC', 'c1ccccc1', 'O', 'O=C1NC(=O)c2ccccc21', 'Cc1ccccc1', '.', 'CCO']","[['CN1C(=O)c2ccccc2C1=O', 'O', 'c1ccccc1', 'CCC', 'c1ccccc1', 'O', 'O=C1NC(=O)c2ccccc21', 'Cc1ccccc1', '.', 'CCO'], ['Cc1ccccc1', 'CN1C(=O)c2ccccc2C1=O', 'O', 'c1ccccc1', 'CCC', 'c1ccccc1', 'O', 'O=C1NC(=O)c2ccccc21', '.', 'CCO'], ['O=C1NC(=O)c2ccccc21', 'Cc1ccccc1', 'CN1C(=O)c2ccccc2C1=O', 'O', 'c1ccccc1', 'CCC', 'c1ccccc1', 'O', '.', 'CCO'], ['O', 'O=C1NC(=O)c2ccccc21', 'Cc1ccccc1', 'CN1C(=O)c2ccccc2C1=O', 'O', 'c1ccccc1', 'CCC', 'c1ccccc1', '.', 'CCO'], ['c1ccccc1', 'O', 'O=C1NC(=O)c2ccccc21', 'Cc1ccccc1', 'CN1C(=O)c2ccccc2C1=O', 'O', 'c1ccccc1', 'CCC', '.', 'CCO'], ['CCC', 'c1ccccc1', 'O', 'O=C1NC(=O)c2ccccc21', 'Cc1ccccc1', 'CN1C(=O)c2ccccc2C1=O', 'O', 'c1ccccc1', '.', 'CCO'], ['c1ccccc1', 'CCC', 'c1ccccc1', 'O', 'O=C1NC(=O)c2ccccc21', 'Cc1ccccc1', 'CN1C(=O)c2ccccc2C1=O', 'O', '.', 'CCO'], ['O', 'c1ccccc1', 'CCC', 'c1ccccc1', 'O', 'O=C1NC(=O)c2ccccc21', 'Cc1ccccc1', 'CN1C(=O)c2ccccc2C1=O', '.', 'CCO']]","['CN1C(=O)c2ccccc2C1=O.O.c1ccccc1.CCC.c1ccccc1.O.O=C1NC(=O)c2ccccc21.Cc1ccccc1.CCO', 'Cc1ccccc1.CN1C(=O)c2ccccc2C1=O.O.c1ccccc1.CCC.c1ccccc1.O.O=C1NC(=O)c2ccccc21.CCO', 'O=C1NC(=O)c2ccccc21.Cc1ccccc1.CN1C(=O)c2ccccc2C1=O.O.c1ccccc1.CCC.c1ccccc1.O.CCO', 'O.O=C1NC(=O)c2ccccc21.Cc1ccccc1.CN1C(=O)c2ccccc2C1=O.O.c1ccccc1.CCC.c1ccccc1.CCO', 'c1ccccc1.O.O=C1NC(=O)c2ccccc21.Cc1ccccc1.CN1C(=O)c2ccccc2C1=O.O.c1ccccc1.CCC.CCO', 'CCC.c1ccccc1.O.O=C1NC(=O)c2ccccc21.Cc1ccccc1.CN1C(=O)c2ccccc2C1=O.O.c1ccccc1.CCO', 'c1ccccc1.CCC.c1ccccc1.O.O=C1NC(=O)c2ccccc21.Cc1ccccc1.CN1C(=O)c2ccccc2C1=O.O.CCO', 'O.c1ccccc1.CCC.c1ccccc1.O.O=C1NC(=O)c2ccccc21.Cc1ccccc1.CN1C(=O)c2ccccc2C1=O.CCO']"
PTMSP,C/C(C)=C(C)\[Si](C)(C)C,Methanol,CO,"[5, 0, 0, 0, 0, 0, 0, 0, 0, 1, 1, 1]",2.57,[C][/C][Branch1_1][C][C][=C][Branch1_1][C][C][\Siexpl][Branch1_1][C][C][Branch1_1][C][C][C],[C][O],{[][<]CCC[>][<]}{[>][<]CC[Si](C)(C)C[>][]},CO,"['CCC', 'CC[Si](C)(C)C', '.', 'CO']","[['CCC', 'CC[Si](C)(C)C', '.', 'CO'], ['CC[Si](C)(C)C', 'CCC', '.', 'CO']]","['CCC.CC[Si](C)(C)C.CO', 'CC[Si](C)(C)C.CCC.CO']"
PDMS,C[Si](C)(C)OC,Methanol,CO,"[3, 0, 0, 1, 0, 0, 0, 0, 0, 1, 1, 0]",0.4,[C][Siexpl][Branch1_1][C][C][Branch1_1][C][C][O][C],[C][O],{[][<]C[Si](C)C[>][<]}{[>][<]CO[>][]},CO,"['C[Si](C)C', 'CO', '.', 'CO']","[['C[Si](C)C', 'CO', '.', 'CO'], ['CO', 'C[Si](C)C', '.', 'CO']]","['C[Si](C)C.CO.CO', 'CO.C[Si](C)C.CO']"
PAN,CCC(C)C#N,Methanol,CO,"[1, 1, 1, 0, 0, 0, 1, 0, 0, 1, 0, 0]",2.91,[C][C][C][Branch1_1][C][C][C][#N],[C][O],{[][<]CC[>][<]}{[>][<]CCC#N[>][]},CO,"['CC', 'CCC#N', '.', 'CO']","[['CC', 'CCC#N', '.', 'CO'], ['CCC#N', 'CC', '.', 'CO']]","['CC.CCC#N.CO', 'CCC#N.CC.CO']"
PES,COc2ccc(S(=O)(=O)c1ccc(C)cc1)cc2,Methanol,CO,"[1, 0, 0, 1, 0, 0, 0, 1, 2, 1, 0, 0]",3.29,[C][O][C][=C][C][=C][Branch2_1][Ring1][Ring1][S][Branch1_2][C][=O][Branch1_2][C][=O][C][=C][C][=C][Branch1_1][C][C][C][=C][Ring1][Branch1_3][C][=C][Ring1][S],[C][O],{[][<]CO[>][<]}{[>][<]c1ccccc1[>][<]}{[>][<]O=S=O[>][<]}{[>][<]Cc1ccccc1[>][]},CO,"['CO', 'c1ccccc1', 'O=S=O', 'Cc1ccccc1', '.', 'CO']","[['CO', 'c1ccccc1', 'O=S=O', 'Cc1ccccc1', '.', 'CO'], ['Cc1ccccc1', 'CO', 'c1ccccc1', 'O=S=O', '.', 'CO'], ['O=S=O', 'Cc1ccccc1', 'CO', 'c1ccccc1', '.', 'CO'], ['c1ccccc1', 'O=S=O', 'Cc1ccccc1', 'CO', '.', 'CO']]","['CO.c1ccccc1.O=S=O.Cc1ccccc1.CO', 'Cc1ccccc1.CO.c1ccccc1.O=S=O.CO', 'O=S=O.Cc1ccccc1.CO.c1ccccc1.CO', 'c1ccccc1.O=S=O.Cc1ccccc1.CO.CO']"
P84,Cc7ccc(Cc6ccc(c5ccc(n4c(=O)c3ccc(C(=O)c2ccc1c(=O)n(C)c(=O)c1c2)cc3c4=O)c(C)c5)cc6)cc7,Methanol,CO,"[1, 0, 0, 0, 5, 2, 0, 0, 3, 1, 0, 0]",2.5,[C][C][=C][C][=C][Branch2_1][Branch1_2][=N][C][C][=C][C][=C][Branch2_1][Branch1_1][S][C][=C][C][=C][Branch2_1][Ring2][P][N][C][Branch1_2][C][=O][C][=C][C][=C][Branch2_1][Ring1][O][C][Branch1_2][C][=O][C][=C][C][=C][C][Branch1_2][C][=O][N][Branch1_1][C][C][C][Branch1_2][C][=O][C][Ring1][Branch2_1][=C][Ring1][N][C][=C][Ring2][Ring1][Ring2][C][Ring2][Ring1][Branch2_1][=O][C][Branch1_1][C][C][=C][Ring2][Ring1][S][C][=C][Ring2][Ring2][Branch1_2][C][=C][Ring2][Ring2][=N],[C][O],{[][<]O=C1NC(=O)c2ccccc21[>][<]}{[>][<]C=O[>][<]}{[>][<]CN1C(=O)c2ccccc2C1=O[>][<]}{[>][<]Cc1ccccc1[>][<]}{[>][<]c1ccccc1[>][<]}{[>][<]C[>][<]}{[>][<]Cc1ccccc1[>][]},CO,"['O=C1NC(=O)c2ccccc21', 'C=O', 'CN1C(=O)c2ccccc2C1=O', 'Cc1ccccc1', 'c1ccccc1', 'C', 'Cc1ccccc1', '.', 'CO']","[['O=C1NC(=O)c2ccccc21', 'C=O', 'CN1C(=O)c2ccccc2C1=O', 'Cc1ccccc1', 'c1ccccc1', 'C', 'Cc1ccccc1', '.', 'CO'], ['Cc1ccccc1', 'O=C1NC(=O)c2ccccc21', 'C=O', 'CN1C(=O)c2ccccc2C1=O', 'Cc1ccccc1', 'c1ccccc1', 'C', '.', 'CO'], ['C', 'Cc1ccccc1', 'O=C1NC(=O)c2ccccc21', 'C=O', 'CN1C(=O)c2ccccc2C1=O', 'Cc1ccccc1', 'c1ccccc1', '.', 'CO'], ['c1ccccc1', 'C', 'Cc1ccccc1', 'O=C1NC(=O)c2ccccc21', 'C=O', 'CN1C(=O)c2ccccc2C1=O', 'Cc1ccccc1', '.', 'CO'], ['Cc1ccccc1', 'c1ccccc1', 'C', 'Cc1ccccc1', 'O=C1NC(=O)c2ccccc21', 'C=O', 'CN1C(=O)c2ccccc2C1=O', '.', 'CO'], ['CN1C(=O)c2ccccc2C1=O', 'Cc1ccccc1', 'c1ccccc1', 'C', 'Cc1ccccc1', 'O=C1NC(=O)c2ccccc21', 'C=O', '.', 'CO'], ['C=O', 'CN1C(=O)c2ccccc2C1=O', 'Cc1ccccc1', 'c1ccccc1', 'C', 'Cc1ccccc1', 'O=C1NC(=O)c2ccccc21', '.', 'CO']]","['O=C1NC(=O)c2ccccc21.C=O.CN1C(=O)c2ccccc2C1=O.Cc1ccccc1.c1ccccc1.C.Cc1ccccc1.CO', 'Cc1ccccc1.O=C1NC(=O)c2ccccc21.C=O.CN1C(=O)c2ccccc2C1=O.Cc1ccccc1.c1ccccc1.C.CO', 'C.Cc1ccccc1.O=C1NC(=O)c2ccccc21.C=O.CN1C(=O)c2ccccc2C1=O.Cc1ccccc1.c1ccccc1.CO', 'c1ccccc1.C.Cc1ccccc1.O=C1NC(=O)c2ccccc21.C=O.CN1C(=O)c2ccccc2C1=O.Cc1ccccc1.CO', 'Cc1ccccc1.c1ccccc1.C.Cc1ccccc1.O=C1NC(=O)c2ccccc21.C=O.CN1C(=O)c2ccccc2C1=O.CO', 'CN1C(=O)c2ccccc2C1=O.Cc1ccccc1.c1ccccc1.C.Cc1ccccc1.O=C1NC(=O)c2ccccc21.C=O.CO', 'C=O.CN1C(=O)c2ccccc2C1=O.Cc1ccccc1.c1ccccc1.C.Cc1ccccc1.O=C1NC(=O)c2ccccc21.CO']"
Matrimid,Cc1ccc7c(c1)C(C)(c6ccc(n5c(=O)c4ccc(C(=O)c3ccc2c(=O)n(C)c(=O)c2c3)cc4c5=O)cc6)CC7(C)C,Methanol,CO,"[4, 1, 0, 0, 5, 2, 0, 0, 4, 1, 0, 0]",8.01,[C][C][=C][C][=C][C][Branch1_2][Ring2][=C][Ring1][Branch1_2][C][Branch1_1][C][C][Branch2_1][Branch1_1][=N][C][=C][C][=C][Branch2_1][Ring2][P][N][C][Branch1_2][C][=O][C][=C][C][=C][Branch2_1][Ring1][O][C][Branch1_2][C][=O][C][=C][C][=C][C][Branch1_2][C][=O][N][Branch1_1][C][C][C][Branch1_2][C][=O][C][Ring1][Branch2_1][=C][Ring1][N][C][=C][Ring2][Ring1][Ring2][C][Ring2][Ring1][Branch2_1][=O][C][=C][Ring2][Ring1][#C][C][C][Ring2][Ring2][Branch1_2][Branch1_1][C][C][C],[C][O],{[][<]CN1C(=O)c2ccccc2C1=O[>][<]}{[>][<]C=O[>][<]}{[>][<]O=C1NC(=O)c2ccccc21[>][<]}{[>][<]c1ccccc1[>][<]}{[>][<]Cc1ccc2c(c1)C(C)CC2(C)C[>][]},CO,"['CN1C(=O)c2ccccc2C1=O', 'C=O', 'O=C1NC(=O)c2ccccc21', 'c1ccccc1', 'Cc1ccc2c(c1)C(C)CC2(C)C', '.', 'CO']","[['CN1C(=O)c2ccccc2C1=O', 'C=O', 'O=C1NC(=O)c2ccccc21', 'c1ccccc1', 'Cc1ccc2c(c1)C(C)CC2(C)C', '.', 'CO'], ['Cc1ccc2c(c1)C(C)CC2(C)C', 'CN1C(=O)c2ccccc2C1=O', 'C=O', 'O=C1NC(=O)c2ccccc21', 'c1ccccc1', '.', 'CO'], ['c1ccccc1', 'Cc1ccc2c(c1)C(C)CC2(C)C', 'CN1C(=O)c2ccccc2C1=O', 'C=O', 'O=C1NC(=O)c2ccccc21', '.', 'CO'], ['O=C1NC(=O)c2ccccc21', 'c1ccccc1', 'Cc1ccc2c(c1)C(C)CC2(C)C', 'CN1C(=O)c2ccccc2C1=O', 'C=O', '.', 'CO'], ['C=O', 'O=C1NC(=O)c2ccccc21', 'c1ccccc1', 'Cc1ccc2c(c1)C(C)CC2(C)C', 'CN1C(=O)c2ccccc2C1=O', '.', 'CO']]","['CN1C(=O)c2ccccc2C1=O.C=O.O=C1NC(=O)c2ccccc21.c1ccccc1.Cc1ccc2c(c1)C(C)CC2(C)C.CO', 'Cc1ccc2c(c1)C(C)CC2(C)C.CN1C(=O)c2ccccc2C1=O.C=O.O=C1NC(=O)c2ccccc21.c1ccccc1.CO', 'c1ccccc1.Cc1ccc2c(c1)C(C)CC2(C)C.CN1C(=O)c2ccccc2C1=O.C=O.O=C1NC(=O)c2ccccc21.CO', 'O=C1NC(=O)c2ccccc21.c1ccccc1.Cc1ccc2c(c1)C(C)CC2(C)C.CN1C(=O)c2ccccc2C1=O.C=O.CO', 'C=O.O=C1NC(=O)c2ccccc21.c1ccccc1.Cc1ccc2c(c1)C(C)CC2(C)C.CN1C(=O)c2ccccc2C1=O.CO']"
PEI,Cc7cccc(n6c(=O)c5ccc(Oc4ccc(C(C)(C)c3ccc(Oc2ccc1c(=O)n(C)c(=O)c1c2)cc3)cc4)cc5c6=O)c7,Methanol,CO,"[3, 0, 0, 2, 4, 2, 0, 0, 5, 1, 0, 0]",2.28,[C][C][=C][C][=C][C][Branch2_1][Branch1_2][=C][N][C][Branch1_2][C][=O][C][=C][C][=C][Branch2_1][Branch1_1][Branch2_1][O][C][=C][C][=C][Branch2_1][Ring2][O][C][Branch1_1][C][C][Branch1_1][C][C][C][=C][C][=C][Branch2_1][Ring1][Branch2_1][O][C][=C][C][=C][C][Branch1_2][C][=O][N][Branch1_1][C][C][C][Branch1_2][C][=O][C][Ring1][Branch2_1][=C][Ring1][N][C][=C][Ring2][Ring1][Ring1][C][=C][Ring2][Ring1][N][C][=C][Ring2][Ring2][Ring1][C][Ring2][Ring2][Branch1_3][=O][=C][Ring2][Ring2][=C],[C][O],{[][<]CN1C(=O)c2ccccc2C1=O[>][<]}{[>][<]O[>][<]}{[>][<]c1ccccc1[>][<]}{[>][<]CCC[>][<]}{[>][<]c1ccccc1[>][<]}{[>][<]O[>][<]}{[>][<]O=C1NC(=O)c2ccccc21[>][<]}{[>][<]Cc1ccccc1[>][]},CO,"['CN1C(=O)c2ccccc2C1=O', 'O', 'c1ccccc1', 'CCC', 'c1ccccc1', 'O', 'O=C1NC(=O)c2ccccc21', 'Cc1ccccc1', '.', 'CO']","[['CN1C(=O)c2ccccc2C1=O', 'O', 'c1ccccc1', 'CCC', 'c1ccccc1', 'O', 'O=C1NC(=O)c2ccccc21', 'Cc1ccccc1', '.', 'CO'], ['Cc1ccccc1', 'CN1C(=O)c2ccccc2C1=O', 'O', 'c1ccccc1', 'CCC', 'c1ccccc1', 'O', 'O=C1NC(=O)c2ccccc21', '.', 'CO'], ['O=C1NC(=O)c2ccccc21', 'Cc1ccccc1', 'CN1C(=O)c2ccccc2C1=O', 'O', 'c1ccccc1', 'CCC', 'c1ccccc1', 'O', '.', 'CO'], ['O', 'O=C1NC(=O)c2ccccc21', 'Cc1ccccc1', 'CN1C(=O)c2ccccc2C1=O', 'O', 'c1ccccc1', 'CCC', 'c1ccccc1', '.', 'CO'], ['c1ccccc1', 'O', 'O=C1NC(=O)c2ccccc21', 'Cc1ccccc1', 'CN1C(=O)c2ccccc2C1=O', 'O', 'c1ccccc1', 'CCC', '.', 'CO'], ['CCC', 'c1ccccc1', 'O', 'O=C1NC(=O)c2ccccc21', 'Cc1ccccc1', 'CN1C(=O)c2ccccc2C1=O', 'O', 'c1ccccc1', '.', 'CO'], ['c1ccccc1', 'CCC', 'c1ccccc1', 'O', 'O=C1NC(=O)c2ccccc21', 'Cc1ccccc1', 'CN1C(=O)c2ccccc2C1=O', 'O', '.', 'CO'], ['O', 'c1ccccc1', 'CCC', 'c1ccccc1', 'O', 'O=C1NC(=O)c2ccccc21', 'Cc1ccccc1', 'CN1C(=O)c2ccccc2C1=O', '.', 'CO']]","['CN1C(=O)c2ccccc2C1=O.O.c1ccccc1.CCC.c1ccccc1.O.O=C1NC(=O)c2ccccc21.Cc1ccccc1.CO', 'Cc1ccccc1.CN1C(=O)c2ccccc2C1=O.O.c1ccccc1.CCC.c1ccccc1.O.O=C1NC(=O)c2ccccc21.CO', 'O=C1NC(=O)c2ccccc21.Cc1ccccc1.CN1C(=O)c2ccccc2C1=O.O.c1ccccc1.CCC.c1ccccc1.O.CO', 'O.O=C1NC(=O)c2ccccc21.Cc1ccccc1.CN1C(=O)c2ccccc2C1=O.O.c1ccccc1.CCC.c1ccccc1.CO', 'c1ccccc1.O.O=C1NC(=O)c2ccccc21.Cc1ccccc1.CN1C(=O)c2ccccc2C1=O.O.c1ccccc1.CCC.CO', 'CCC.c1ccccc1.O.O=C1NC(=O)c2ccccc21.Cc1ccccc1.CN1C(=O)c2ccccc2C1=O.O.c1ccccc1.CO', 'c1ccccc1.CCC.c1ccccc1.O.O=C1NC(=O)c2ccccc21.Cc1ccccc1.CN1C(=O)c2ccccc2C1=O.O.CO', 'O.c1ccccc1.CCC.c1ccccc1.O.O=C1NC(=O)c2ccccc21.Cc1ccccc1.CN1C(=O)c2ccccc2C1=O.CO']"
PTMSP,C/C(C)=C(C)\[Si](C)(C)C,Water,O,"[4, 0, 0, 0, 0, 0, 0, 0, 0, 2, 1, 1]",0.03,[C][/C][Branch1_1][C][C][=C][Branch1_1][C][C][\Siexpl][Branch1_1][C][C][Branch1_1][C][C][C],[O],{[][<]CCC[>][<]}{[>][<]CC[Si](C)(C)C[>][]},O,"['CCC', 'CC[Si](C)(C)C', '.', 'O']","[['CCC', 'CC[Si](C)(C)C', '.', 'O'], ['CC[Si](C)(C)C', 'CCC', '.', 'O']]","['CCC.CC[Si](C)(C)C.O', 'CC[Si](C)(C)C.CCC.O']"
PDMS,C[Si](C)(C)OC,Water,O,"[2, 0, 0, 1, 0, 0, 0, 0, 0, 2, 1, 0]",0.86,[C][Siexpl][Branch1_1][C][C][Branch1_1][C][C][O][C],[O],{[][<]C[Si](C)C[>][<]}{[>][<]CO[>][]},O,"['C[Si](C)C', 'CO', '.', 'O']","[['C[Si](C)C', 'CO', '.', 'O'], ['CO', 'C[Si](C)C', '.', 'O']]","['C[Si](C)C.CO.O', 'CO.C[Si](C)C.O']"
PEBAX,CNCCCCCCCCCCCC(=O)OCCCCCOCCCCOCCCCC,Water,O,"[0, 575, 0, 75, 25, 25, 0, 0, 0, 2, 0, 0]",0.3,[C][N][C][C][C][C][C][C][C][C][C][C][C][C][Branch1_2][C][=O][O][C][C][C][C][C][O][C][C][C][C][O][C][C][C][C][C],[O],{[][<]CNCCCCCCCCCCCC=O[>][<]}{[>][<]CCCCCOCCCCOCCCCCO[>][]},O,"['CNCCCCCCCCCCCC=O', 'CCCCCOCCCCOCCCCCO', '.', 'O']","[['CNCCCCCCCCCCCC=O', 'CCCCCOCCCCOCCCCCO', '.', 'O'], ['CCCCCOCCCCOCCCCCO', 'CNCCCCCCCCCCCC=O', '.', 'O']]","['CNCCCCCCCCCCCC=O.CCCCCOCCCCOCCCCCO.O', 'CCCCCOCCCCOCCCCCO.CNCCCCCCCCCCCC=O.O']"
PES,COc2ccc(S(=O)(=O)c1ccc(C)cc1)cc2,Water,O,"[0, 0, 0, 1, 0, 0, 0, 1, 2, 2, 0, 0]",0.56,[C][O][C][=C][C][=C][Branch2_1][Ring1][Ring1][S][Branch1_2][C][=O][Branch1_2][C][=O][C][=C][C][=C][Branch1_1][C][C][C][=C][Ring1][Branch1_3][C][=C][Ring1][S],[O],{[][<]CO[>][<]}{[>][<]c1ccccc1[>][<]}{[>][<]O=S=O[>][<]}{[>][<]Cc1ccccc1[>][]},O,"['CO', 'c1ccccc1', 'O=S=O', 'Cc1ccccc1', '.', 'O']","[['CO', 'c1ccccc1', 'O=S=O', 'Cc1ccccc1', '.', 'O'], ['Cc1ccccc1', 'CO', 'c1ccccc1', 'O=S=O', '.', 'O'], ['O=S=O', 'Cc1ccccc1', 'CO', 'c1ccccc1', '.', 'O'], ['c1ccccc1', 'O=S=O', 'Cc1ccccc1', 'CO', '.', 'O']]","['CO.c1ccccc1.O=S=O.Cc1ccccc1.O', 'Cc1ccccc1.CO.c1ccccc1.O=S=O.O', 'O=S=O.Cc1ccccc1.CO.c1ccccc1.O', 'c1ccccc1.O=S=O.Cc1ccccc1.CO.O']"
PSf,COc4ccc(S(=O)(=O)c3ccc(Oc2ccc(C(C)(C)c1ccc(C)cc1)cc2)cc3)cc4,Water,O,"[2, 0, 0, 2, 0, 0, 0, 1, 4, 2, 0, 0]",0.96,[C][O][C][=C][C][=C][Branch2_1][Branch1_1][C][S][Branch1_2][C][=O][Branch1_2][C][=O][C][=C][C][=C][Branch2_1][Ring1][#C][O][C][=C][C][=C][Branch2_1][Ring1][Ring1][C][Branch1_1][C][C][Branch1_1][C][C][C][=C][C][=C][Branch1_1][C][C][C][=C][Ring1][Branch1_3][C][=C][Ring1][S][C][=C][Ring2][Ring1][Branch1_3][C][=C][Ring2][Ring1][S],[O],{[][<]CO[>][<]}{[>][<]c1ccccc1[>][<]}{[>][<]O=S=O[>][<]}{[>][<]c1ccccc1[>][<]}{[>][<]O[>][<]}{[>][<]c1ccccc1[>][<]}{[>][<]CCC[>][<]}{[>][<]Cc1ccccc1[>][]},O,"['CO', 'c1ccccc1', 'O=S=O', 'c1ccccc1', 'O', 'c1ccccc1', 'CCC', 'Cc1ccccc1', '.', 'O']","[['CO', 'c1ccccc1', 'O=S=O', 'c1ccccc1', 'O', 'c1ccccc1', 'CCC', 'Cc1ccccc1', '.', 'O'], ['Cc1ccccc1', 'CO', 'c1ccccc1', 'O=S=O', 'c1ccccc1', 'O', 'c1ccccc1', 'CCC', '.', 'O'], ['CCC', 'Cc1ccccc1', 'CO', 'c1ccccc1', 'O=S=O', 'c1ccccc1', 'O', 'c1ccccc1', '.', 'O'], ['c1ccccc1', 'CCC', 'Cc1ccccc1', 'CO', 'c1ccccc1', 'O=S=O', 'c1ccccc1', 'O', '.', 'O'], ['O', 'c1ccccc1', 'CCC', 'Cc1ccccc1', 'CO', 'c1ccccc1', 'O=S=O', 'c1ccccc1', '.', 'O'], ['c1ccccc1', 'O', 'c1ccccc1', 'CCC', 'Cc1ccccc1', 'CO', 'c1ccccc1', 'O=S=O', '.', 'O'], ['O=S=O', 'c1ccccc1', 'O', 'c1ccccc1', 'CCC', 'Cc1ccccc1', 'CO', 'c1ccccc1', '.', 'O'], ['c1ccccc1', 'O=S=O', 'c1ccccc1', 'O', 'c1ccccc1', 'CCC', 'Cc1ccccc1', 'CO', '.', 'O']]","['CO.c1ccccc1.O=S=O.c1ccccc1.O.c1ccccc1.CCC.Cc1ccccc1.O', 'Cc1ccccc1.CO.c1ccccc1.O=S=O.c1ccccc1.O.c1ccccc1.CCC.O', 'CCC.Cc1ccccc1.CO.c1ccccc1.O=S=O.c1ccccc1.O.c1ccccc1.O', 'c1ccccc1.CCC.Cc1ccccc1.CO.c1ccccc1.O=S=O.c1ccccc1.O.O', 'O.c1ccccc1.CCC.Cc1ccccc1.CO.c1ccccc1.O=S=O.c1ccccc1.O', 'c1ccccc1.O.c1ccccc1.CCC.Cc1ccccc1.CO.c1ccccc1.O=S=O.O', 'O=S=O.c1ccccc1.O.c1ccccc1.CCC.Cc1ccccc1.CO.c1ccccc1.O', 'c1ccccc1.O=S=O.c1ccccc1.O.c1ccccc1.CCC.Cc1ccccc1.CO.O']"
P84,Cc7ccc(Cc6ccc(c5ccc(n4c(=O)c3ccc(C(=O)c2ccc1c(=O)n(C)c(=O)c1c2)cc3c4=O)c(C)c5)cc6)cc7,Water,O,"[0, 0, 0, 0, 5, 2, 0, 0, 3, 2, 0, 0]",1.74,[C][C][=C][C][=C][Branch2_1][Branch1_2][=N][C][C][=C][C][=C][Branch2_1][Branch1_1][S][C][=C][C][=C][Branch2_1][Ring2][P][N][C][Branch1_2][C][=O][C][=C][C][=C][Branch2_1][Ring1][O][C][Branch1_2][C][=O][C][=C][C][=C][C][Branch1_2][C][=O][N][Branch1_1][C][C][C][Branch1_2][C][=O][C][Ring1][Branch2_1][=C][Ring1][N][C][=C][Ring2][Ring1][Ring2][C][Ring2][Ring1][Branch2_1][=O][C][Branch1_1][C][C][=C][Ring2][Ring1][S][C][=C][Ring2][Ring2][Branch1_2][C][=C][Ring2][Ring2][=N],[O],{[][<]O=C1NC(=O)c2ccccc21[>][<]}{[>][<]C=O[>][<]}{[>][<]CN1C(=O)c2ccccc2C1=O[>][<]}{[>][<]Cc1ccccc1[>][<]}{[>][<]c1ccccc1[>][<]}{[>][<]C[>][<]}{[>][<]Cc1ccccc1[>][]},O,"['O=C1NC(=O)c2ccccc21', 'C=O', 'CN1C(=O)c2ccccc2C1=O', 'Cc1ccccc1', 'c1ccccc1', 'C', 'Cc1ccccc1', '.', 'O']","[['O=C1NC(=O)c2ccccc21', 'C=O', 'CN1C(=O)c2ccccc2C1=O', 'Cc1ccccc1', 'c1ccccc1', 'C', 'Cc1ccccc1', '.', 'O'], ['Cc1ccccc1', 'O=C1NC(=O)c2ccccc21', 'C=O', 'CN1C(=O)c2ccccc2C1=O', 'Cc1ccccc1', 'c1ccccc1', 'C', '.', 'O'], ['C', 'Cc1ccccc1', 'O=C1NC(=O)c2ccccc21', 'C=O', 'CN1C(=O)c2ccccc2C1=O', 'Cc1ccccc1', 'c1ccccc1', '.', 'O'], ['c1ccccc1', 'C', 'Cc1ccccc1', 'O=C1NC(=O)c2ccccc21', 'C=O', 'CN1C(=O)c2ccccc2C1=O', 'Cc1ccccc1', '.', 'O'], ['Cc1ccccc1', 'c1ccccc1', 'C', 'Cc1ccccc1', 'O=C1NC(=O)c2ccccc21', 'C=O', 'CN1C(=O)c2ccccc2C1=O', '.', 'O'], ['CN1C(=O)c2ccccc2C1=O', 'Cc1ccccc1', 'c1ccccc1', 'C', 'Cc1ccccc1', 'O=C1NC(=O)c2ccccc21', 'C=O', '.', 'O'], ['C=O', 'CN1C(=O)c2ccccc2C1=O', 'Cc1ccccc1', 'c1ccccc1', 'C', 'Cc1ccccc1', 'O=C1NC(=O)c2ccccc21', '.', 'O']]","['O=C1NC(=O)c2ccccc21.C=O.CN1C(=O)c2ccccc2C1=O.Cc1ccccc1.c1ccccc1.C.Cc1ccccc1.O', 'Cc1ccccc1.O=C1NC(=O)c2ccccc21.C=O.CN1C(=O)c2ccccc2C1=O.Cc1ccccc1.c1ccccc1.C.O', 'C.Cc1ccccc1.O=C1NC(=O)c2ccccc21.C=O.CN1C(=O)c2ccccc2C1=O.Cc1ccccc1.c1ccccc1.O', 'c1ccccc1.C.Cc1ccccc1.O=C1NC(=O)c2ccccc21.C=O.CN1C(=O)c2ccccc2C1=O.Cc1ccccc1.O', 'Cc1ccccc1.c1ccccc1.C.Cc1ccccc1.O=C1NC(=O)c2ccccc21.C=O.CN1C(=O)c2ccccc2C1=O.O', 'CN1C(=O)c2ccccc2C1=O.Cc1ccccc1.c1ccccc1.C.Cc1ccccc1.O=C1NC(=O)c2ccccc21.C=O.O', 'C=O.CN1C(=O)c2ccccc2C1=O.Cc1ccccc1.c1ccccc1.C.Cc1ccccc1.O=C1NC(=O)c2ccccc21.O']"
Matrimid,Cc1ccc7c(c1)C(C)(c6ccc(n5c(=O)c4ccc(C(=O)c3ccc2c(=O)n(C)c(=O)c2c3)cc4c5=O)cc6)CC7(C)C,Water,O,"[3, 1, 0, 0, 5, 2, 0, 0, 4, 2, 0, 0]",0.99,[C][C][=C][C][=C][C][Branch1_2][Ring2][=C][Ring1][Branch1_2][C][Branch1_1][C][C][Branch2_1][Branch1_1][=N][C][=C][C][=C][Branch2_1][Ring2][P][N][C][Branch1_2][C][=O][C][=C][C][=C][Branch2_1][Ring1][O][C][Branch1_2][C][=O][C][=C][C][=C][C][Branch1_2][C][=O][N][Branch1_1][C][C][C][Branch1_2][C][=O][C][Ring1][Branch2_1][=C][Ring1][N][C][=C][Ring2][Ring1][Ring2][C][Ring2][Ring1][Branch2_1][=O][C][=C][Ring2][Ring1][#C][C][C][Ring2][Ring2][Branch1_2][Branch1_1][C][C][C],[O],{[][<]CN1C(=O)c2ccccc2C1=O[>][<]}{[>][<]C=O[>][<]}{[>][<]O=C1NC(=O)c2ccccc21[>][<]}{[>][<]c1ccccc1[>][<]}{[>][<]Cc1ccc2c(c1)C(C)CC2(C)C[>][]},O,"['CN1C(=O)c2ccccc2C1=O', 'C=O', 'O=C1NC(=O)c2ccccc21', 'c1ccccc1', 'Cc1ccc2c(c1)C(C)CC2(C)C', '.', 'O']","[['CN1C(=O)c2ccccc2C1=O', 'C=O', 'O=C1NC(=O)c2ccccc21', 'c1ccccc1', 'Cc1ccc2c(c1)C(C)CC2(C)C', '.', 'O'], ['Cc1ccc2c(c1)C(C)CC2(C)C', 'CN1C(=O)c2ccccc2C1=O', 'C=O', 'O=C1NC(=O)c2ccccc21', 'c1ccccc1', '.', 'O'], ['c1ccccc1', 'Cc1ccc2c(c1)C(C)CC2(C)C', 'CN1C(=O)c2ccccc2C1=O', 'C=O', 'O=C1NC(=O)c2ccccc21', '.', 'O'], ['O=C1NC(=O)c2ccccc21', 'c1ccccc1', 'Cc1ccc2c(c1)C(C)CC2(C)C', 'CN1C(=O)c2ccccc2C1=O', 'C=O', '.', 'O'], ['C=O', 'O=C1NC(=O)c2ccccc21', 'c1ccccc1', 'Cc1ccc2c(c1)C(C)CC2(C)C', 'CN1C(=O)c2ccccc2C1=O', '.', 'O']]","['CN1C(=O)c2ccccc2C1=O.C=O.O=C1NC(=O)c2ccccc21.c1ccccc1.Cc1ccc2c(c1)C(C)CC2(C)C.O', 'Cc1ccc2c(c1)C(C)CC2(C)C.CN1C(=O)c2ccccc2C1=O.C=O.O=C1NC(=O)c2ccccc21.c1ccccc1.O', 'c1ccccc1.Cc1ccc2c(c1)C(C)CC2(C)C.CN1C(=O)c2ccccc2C1=O.C=O.O=C1NC(=O)c2ccccc21.O', 'O=C1NC(=O)c2ccccc21.c1ccccc1.Cc1ccc2c(c1)C(C)CC2(C)C.CN1C(=O)c2ccccc2C1=O.C=O.O', 'C=O.O=C1NC(=O)c2ccccc21.c1ccccc1.Cc1ccc2c(c1)C(C)CC2(C)C.CN1C(=O)c2ccccc2C1=O.O']"
